condition,anchor,layer,mean_delta_norm,median_delta_norm,n_families
evidence_authority_pressure,S0,0,0.00000000,0.00000000,80
evidence_authority_pressure,S0,1,0.00000000,0.00000000,80
evidence_authority_pressure,S0,2,0.00000000,0.00000000,80
evidence_authority_pressure,S0,3,0.00000000,0.00000000,80
evidence_authority_pressure,S0,4,0.00000000,0.00000000,80
evidence_authority_pressure,S0,5,0.00000000,0.00000000,80
evidence_authority_pressure,S0,6,0.00000000,0.00000000,80
evidence_authority_pressure,S0,7,0.00000000,0.00000000,80
evidence_authority_pressure,S0,8,0.00000000,0.00000000,80
evidence_authority_pressure,S0,9,0.00000000,0.00000000,80
evidence_authority_pressure,S0,10,0.00000000,0.00000000,80
evidence_authority_pressure,S0,11,0.00000000,0.00000000,80
evidence_authority_pressure,S0,12,0.00000000,0.00000000,80
evidence_authority_pressure,S0,13,0.00000000,0.00000000,80
evidence_authority_pressure,S0,14,0.00000000,0.00000000,80
evidence_authority_pressure,S0,15,0.00000000,0.00000000,80
evidence_authority_pressure,S0,16,0.00000000,0.00000000,80
evidence_authority_pressure,S0,17,0.00000000,0.00000000,80
evidence_authority_pressure,S0,18,0.00000000,0.00000000,80
evidence_authority_pressure,S0,19,0.00000000,0.00000000,80
evidence_authority_pressure,S0,20,0.00000000,0.00000000,80
evidence_authority_pressure,S0,21,0.00000000,0.00000000,80
evidence_authority_pressure,S0,22,0.00000000,0.00000000,80
evidence_authority_pressure,S0,23,0.00000000,0.00000000,80
evidence_authority_pressure,S0,24,0.00000000,0.00000000,80
evidence_authority_pressure,S0,25,0.00000000,0.00000000,80
evidence_authority_pressure,S0,26,0.00000000,0.00000000,80
evidence_authority_pressure,S0,27,0.00000000,0.00000000,80
evidence_authority_pressure,S0,28,0.00000000,0.00000000,80
evidence_authority_pressure,S0,29,0.00000000,0.00000000,80
evidence_authority_pressure,S0,30,0.00000000,0.00000000,80
evidence_authority_pressure,S0,31,0.00000000,0.00000000,80
evidence_authority_pressure,S0,32,0.00000000,0.00000000,80
evidence_authority_pressure,S0,33,0.00000000,0.00000000,80
evidence_authority_pressure,S0,34,0.00000000,0.00000000,80
evidence_authority_pressure,S0,35,0.00000000,0.00000000,80
evidence_authority_pressure,S1,0,0.00000000,0.00000000,80
evidence_authority_pressure,S1,1,0.00000000,0.00000000,80
evidence_authority_pressure,S1,2,0.00000000,0.00000000,80
evidence_authority_pressure,S1,3,0.00000000,0.00000000,80
evidence_authority_pressure,S1,4,0.00000000,0.00000000,80
evidence_authority_pressure,S1,5,0.00000000,0.00000000,80
evidence_authority_pressure,S1,6,0.00000000,0.00000000,80
evidence_authority_pressure,S1,7,0.00000000,0.00000000,80
evidence_authority_pressure,S1,8,0.00000000,0.00000000,80
evidence_authority_pressure,S1,9,0.00000000,0.00000000,80
evidence_authority_pressure,S1,10,0.00000000,0.00000000,80
evidence_authority_pressure,S1,11,0.00000000,0.00000000,80
evidence_authority_pressure,S1,12,0.00000000,0.00000000,80
evidence_authority_pressure,S1,13,0.00000000,0.00000000,80
evidence_authority_pressure,S1,14,0.00000000,0.00000000,80
evidence_authority_pressure,S1,15,0.00000000,0.00000000,80
evidence_authority_pressure,S1,16,0.00000000,0.00000000,80
evidence_authority_pressure,S1,17,0.00000000,0.00000000,80
evidence_authority_pressure,S1,18,0.00000000,0.00000000,80
evidence_authority_pressure,S1,19,0.00000000,0.00000000,80
evidence_authority_pressure,S1,20,0.00000000,0.00000000,80
evidence_authority_pressure,S1,21,0.00000000,0.00000000,80
evidence_authority_pressure,S1,22,0.00000000,0.00000000,80
evidence_authority_pressure,S1,23,0.00000000,0.00000000,80
evidence_authority_pressure,S1,24,0.00000000,0.00000000,80
evidence_authority_pressure,S1,25,0.00000000,0.00000000,80
evidence_authority_pressure,S1,26,0.00000000,0.00000000,80
evidence_authority_pressure,S1,27,0.00000000,0.00000000,80
evidence_authority_pressure,S1,28,0.00000000,0.00000000,80
evidence_authority_pressure,S1,29,0.00000000,0.00000000,80
evidence_authority_pressure,S1,30,0.00000000,0.00000000,80
evidence_authority_pressure,S1,31,0.00000000,0.00000000,80
evidence_authority_pressure,S1,32,0.00000000,0.00000000,80
evidence_authority_pressure,S1,33,0.00000000,0.00000000,80
evidence_authority_pressure,S1,34,0.00000000,0.00000000,80
evidence_authority_pressure,S1,35,0.00000000,0.00000000,80
evidence_authority_pressure,S2,0,0.00000000,0.00000000,80
evidence_authority_pressure,S2,1,0.00000000,0.00000000,80
evidence_authority_pressure,S2,2,0.00000000,0.00000000,80
evidence_authority_pressure,S2,3,0.00000000,0.00000000,80
evidence_authority_pressure,S2,4,0.00000000,0.00000000,80
evidence_authority_pressure,S2,5,0.00000000,0.00000000,80
evidence_authority_pressure,S2,6,0.00000000,0.00000000,80
evidence_authority_pressure,S2,7,0.00000000,0.00000000,80
evidence_authority_pressure,S2,8,0.00000000,0.00000000,80
evidence_authority_pressure,S2,9,0.00000000,0.00000000,80
evidence_authority_pressure,S2,10,0.00000000,0.00000000,80
evidence_authority_pressure,S2,11,0.00000000,0.00000000,80
evidence_authority_pressure,S2,12,0.00000000,0.00000000,80
evidence_authority_pressure,S2,13,0.00000000,0.00000000,80
evidence_authority_pressure,S2,14,0.00000000,0.00000000,80
evidence_authority_pressure,S2,15,0.00000000,0.00000000,80
evidence_authority_pressure,S2,16,0.00000000,0.00000000,80
evidence_authority_pressure,S2,17,0.00000000,0.00000000,80
evidence_authority_pressure,S2,18,0.00000000,0.00000000,80
evidence_authority_pressure,S2,19,0.00000000,0.00000000,80
evidence_authority_pressure,S2,20,0.00000000,0.00000000,80
evidence_authority_pressure,S2,21,0.00000000,0.00000000,80
evidence_authority_pressure,S2,22,0.00000000,0.00000000,80
evidence_authority_pressure,S2,23,0.00000000,0.00000000,80
evidence_authority_pressure,S2,24,0.00000000,0.00000000,80
evidence_authority_pressure,S2,25,0.00000000,0.00000000,80
evidence_authority_pressure,S2,26,0.00000000,0.00000000,80
evidence_authority_pressure,S2,27,0.00000000,0.00000000,80
evidence_authority_pressure,S2,28,0.00000000,0.00000000,80
evidence_authority_pressure,S2,29,0.00000000,0.00000000,80
evidence_authority_pressure,S2,30,0.00000000,0.00000000,80
evidence_authority_pressure,S2,31,0.00000000,0.00000000,80
evidence_authority_pressure,S2,32,0.00000000,0.00000000,80
evidence_authority_pressure,S2,33,0.00000000,0.00000000,80
evidence_authority_pressure,S2,34,0.00000000,0.00000000,80
evidence_authority_pressure,S2,35,0.00000000,0.00000000,80
evidence_authority_pressure,S3,0,1.07572846,1.07190401,80
evidence_authority_pressure,S3,1,1.68285847,1.68945661,80
evidence_authority_pressure,S3,2,2.42386751,2.42076552,80
evidence_authority_pressure,S3,3,3.66098245,3.66058716,80
evidence_authority_pressure,S3,4,4.42093319,4.41393848,80
evidence_authority_pressure,S3,5,5.69413960,5.70160723,80
evidence_authority_pressure,S3,6,8.69115237,8.69030022,80
evidence_authority_pressure,S3,7,11.15938487,11.17641888,80
evidence_authority_pressure,S3,8,15.08762936,15.07864205,80
evidence_authority_pressure,S3,9,14.39411721,14.36930077,80
evidence_authority_pressure,S3,10,16.12465327,16.09330990,80
evidence_authority_pressure,S3,11,16.71298200,16.75593774,80
evidence_authority_pressure,S3,12,18.91793333,18.98180774,80
evidence_authority_pressure,S3,13,18.33473446,18.31840797,80
evidence_authority_pressure,S3,14,19.23416534,19.17297238,80
evidence_authority_pressure,S3,15,21.08206307,21.07475166,80
evidence_authority_pressure,S3,16,23.20122825,23.17298863,80
evidence_authority_pressure,S3,17,26.49323917,26.51013381,80
evidence_authority_pressure,S3,18,27.40706619,27.34061657,80
evidence_authority_pressure,S3,19,34.95033035,34.82460637,80
evidence_authority_pressure,S3,20,38.36974835,37.87387178,80
evidence_authority_pressure,S3,21,42.90483466,42.52126920,80
evidence_authority_pressure,S3,22,46.61662714,46.71418982,80
evidence_authority_pressure,S3,23,54.94610888,54.59629684,80
evidence_authority_pressure,S3,24,65.99958560,65.13365956,80
evidence_authority_pressure,S3,25,75.37019347,74.30726465,80
evidence_authority_pressure,S3,26,84.61233976,83.20060005,80
evidence_authority_pressure,S3,27,102.11024743,100.95818984,80
evidence_authority_pressure,S3,28,121.45612704,119.95281775,80
evidence_authority_pressure,S3,29,139.57231375,137.00399728,80
evidence_authority_pressure,S3,30,167.21110332,163.51429461,80
evidence_authority_pressure,S3,31,186.58485965,182.77998382,80
evidence_authority_pressure,S3,32,210.07779602,206.98899702,80
evidence_authority_pressure,S3,33,227.74303080,224.33061234,80
evidence_authority_pressure,S3,34,251.72161834,247.50122328,80
evidence_authority_pressure,S3,35,113.93988180,112.36605671,80
evidence_authority_pressure,S4,0,1.12890962,1.12865790,80
evidence_authority_pressure,S4,1,1.20745909,1.20846887,80
evidence_authority_pressure,S4,2,1.35363784,1.35489704,80
evidence_authority_pressure,S4,3,1.71728996,1.71601139,80
evidence_authority_pressure,S4,4,2.05379964,2.05370370,80
evidence_authority_pressure,S4,5,2.48678514,2.48702227,80
evidence_authority_pressure,S4,6,3.12793888,3.10577896,80
evidence_authority_pressure,S4,7,3.57527438,3.53783579,80
evidence_authority_pressure,S4,8,4.59781686,4.55771707,80
evidence_authority_pressure,S4,9,4.60947382,4.55648720,80
evidence_authority_pressure,S4,10,4.29084805,4.27194032,80
evidence_authority_pressure,S4,11,4.14831884,4.11886314,80
evidence_authority_pressure,S4,12,5.15140003,5.16428433,80
evidence_authority_pressure,S4,13,5.63147491,5.62040222,80
evidence_authority_pressure,S4,14,5.90707614,5.91498418,80
evidence_authority_pressure,S4,15,7.02453936,7.00833559,80
evidence_authority_pressure,S4,16,7.76942104,7.80049399,80
evidence_authority_pressure,S4,17,9.01801267,9.00977374,80
evidence_authority_pressure,S4,18,13.76796069,13.72324878,80
evidence_authority_pressure,S4,19,18.18024842,18.08941925,80
evidence_authority_pressure,S4,20,23.75623182,23.65131455,80
evidence_authority_pressure,S4,21,26.76236499,26.72643078,80
evidence_authority_pressure,S4,22,26.76377190,26.69242469,80
evidence_authority_pressure,S4,23,31.15559213,30.52383840,80
evidence_authority_pressure,S4,24,35.66182145,34.41786377,80
evidence_authority_pressure,S4,25,37.44544596,36.30387855,80
evidence_authority_pressure,S4,26,42.15113993,41.34031831,80
evidence_authority_pressure,S4,27,46.05136416,45.23759653,80
evidence_authority_pressure,S4,28,50.05939479,48.71089210,80
evidence_authority_pressure,S4,29,54.95106260,53.19989552,80
evidence_authority_pressure,S4,30,60.90055793,59.35339165,80
evidence_authority_pressure,S4,31,67.27486156,63.83598712,80
evidence_authority_pressure,S4,32,77.72554344,74.51007010,80
evidence_authority_pressure,S4,33,87.11424279,84.17483056,80
evidence_authority_pressure,S4,34,106.73599430,104.70019975,80
evidence_authority_pressure,S4,35,49.57840703,48.59924073,80
evidence_distractor_neutral,S0,0,0.00000000,0.00000000,80
evidence_distractor_neutral,S0,1,0.00000000,0.00000000,80
evidence_distractor_neutral,S0,2,0.00000000,0.00000000,80
evidence_distractor_neutral,S0,3,0.00000000,0.00000000,80
evidence_distractor_neutral,S0,4,0.00000000,0.00000000,80
evidence_distractor_neutral,S0,5,0.00000000,0.00000000,80
evidence_distractor_neutral,S0,6,0.00000000,0.00000000,80
evidence_distractor_neutral,S0,7,0.00000000,0.00000000,80
evidence_distractor_neutral,S0,8,0.00000000,0.00000000,80
evidence_distractor_neutral,S0,9,0.00000000,0.00000000,80
evidence_distractor_neutral,S0,10,0.00000000,0.00000000,80
evidence_distractor_neutral,S0,11,0.00000000,0.00000000,80
evidence_distractor_neutral,S0,12,0.00000000,0.00000000,80
evidence_distractor_neutral,S0,13,0.00000000,0.00000000,80
evidence_distractor_neutral,S0,14,0.00000000,0.00000000,80
evidence_distractor_neutral,S0,15,0.00000000,0.00000000,80
evidence_distractor_neutral,S0,16,0.00000000,0.00000000,80
evidence_distractor_neutral,S0,17,0.00000000,0.00000000,80
evidence_distractor_neutral,S0,18,0.00000000,0.00000000,80
evidence_distractor_neutral,S0,19,0.00000000,0.00000000,80
evidence_distractor_neutral,S0,20,0.00000000,0.00000000,80
evidence_distractor_neutral,S0,21,0.00000000,0.00000000,80
evidence_distractor_neutral,S0,22,0.00000000,0.00000000,80
evidence_distractor_neutral,S0,23,0.00000000,0.00000000,80
evidence_distractor_neutral,S0,24,0.00000000,0.00000000,80
evidence_distractor_neutral,S0,25,0.00000000,0.00000000,80
evidence_distractor_neutral,S0,26,0.00000000,0.00000000,80
evidence_distractor_neutral,S0,27,0.00000000,0.00000000,80
evidence_distractor_neutral,S0,28,0.00000000,0.00000000,80
evidence_distractor_neutral,S0,29,0.00000000,0.00000000,80
evidence_distractor_neutral,S0,30,0.00000000,0.00000000,80
evidence_distractor_neutral,S0,31,0.00000000,0.00000000,80
evidence_distractor_neutral,S0,32,0.00000000,0.00000000,80
evidence_distractor_neutral,S0,33,0.00000000,0.00000000,80
evidence_distractor_neutral,S0,34,0.00000000,0.00000000,80
evidence_distractor_neutral,S0,35,0.00000000,0.00000000,80
evidence_distractor_neutral,S1,0,0.00000000,0.00000000,80
evidence_distractor_neutral,S1,1,0.00000000,0.00000000,80
evidence_distractor_neutral,S1,2,0.00000000,0.00000000,80
evidence_distractor_neutral,S1,3,0.00000000,0.00000000,80
evidence_distractor_neutral,S1,4,0.00000000,0.00000000,80
evidence_distractor_neutral,S1,5,0.00000000,0.00000000,80
evidence_distractor_neutral,S1,6,0.00000000,0.00000000,80
evidence_distractor_neutral,S1,7,0.00000000,0.00000000,80
evidence_distractor_neutral,S1,8,0.00000000,0.00000000,80
evidence_distractor_neutral,S1,9,0.00000000,0.00000000,80
evidence_distractor_neutral,S1,10,0.00000000,0.00000000,80
evidence_distractor_neutral,S1,11,0.00000000,0.00000000,80
evidence_distractor_neutral,S1,12,0.00000000,0.00000000,80
evidence_distractor_neutral,S1,13,0.00000000,0.00000000,80
evidence_distractor_neutral,S1,14,0.00000000,0.00000000,80
evidence_distractor_neutral,S1,15,0.00000000,0.00000000,80
evidence_distractor_neutral,S1,16,0.00000000,0.00000000,80
evidence_distractor_neutral,S1,17,0.00000000,0.00000000,80
evidence_distractor_neutral,S1,18,0.00000000,0.00000000,80
evidence_distractor_neutral,S1,19,0.00000000,0.00000000,80
evidence_distractor_neutral,S1,20,0.00000000,0.00000000,80
evidence_distractor_neutral,S1,21,0.00000000,0.00000000,80
evidence_distractor_neutral,S1,22,0.00000000,0.00000000,80
evidence_distractor_neutral,S1,23,0.00000000,0.00000000,80
evidence_distractor_neutral,S1,24,0.00000000,0.00000000,80
evidence_distractor_neutral,S1,25,0.00000000,0.00000000,80
evidence_distractor_neutral,S1,26,0.00000000,0.00000000,80
evidence_distractor_neutral,S1,27,0.00000000,0.00000000,80
evidence_distractor_neutral,S1,28,0.00000000,0.00000000,80
evidence_distractor_neutral,S1,29,0.00000000,0.00000000,80
evidence_distractor_neutral,S1,30,0.00000000,0.00000000,80
evidence_distractor_neutral,S1,31,0.00000000,0.00000000,80
evidence_distractor_neutral,S1,32,0.00000000,0.00000000,80
evidence_distractor_neutral,S1,33,0.00000000,0.00000000,80
evidence_distractor_neutral,S1,34,0.00000000,0.00000000,80
evidence_distractor_neutral,S1,35,0.00000000,0.00000000,80
evidence_distractor_neutral,S2,0,0.00000000,0.00000000,80
evidence_distractor_neutral,S2,1,0.00000000,0.00000000,80
evidence_distractor_neutral,S2,2,0.00000000,0.00000000,80
evidence_distractor_neutral,S2,3,0.00000000,0.00000000,80
evidence_distractor_neutral,S2,4,0.00000000,0.00000000,80
evidence_distractor_neutral,S2,5,0.00000000,0.00000000,80
evidence_distractor_neutral,S2,6,0.00000000,0.00000000,80
evidence_distractor_neutral,S2,7,0.00000000,0.00000000,80
evidence_distractor_neutral,S2,8,0.00000000,0.00000000,80
evidence_distractor_neutral,S2,9,0.00000000,0.00000000,80
evidence_distractor_neutral,S2,10,0.00000000,0.00000000,80
evidence_distractor_neutral,S2,11,0.00000000,0.00000000,80
evidence_distractor_neutral,S2,12,0.00000000,0.00000000,80
evidence_distractor_neutral,S2,13,0.00000000,0.00000000,80
evidence_distractor_neutral,S2,14,0.00000000,0.00000000,80
evidence_distractor_neutral,S2,15,0.00000000,0.00000000,80
evidence_distractor_neutral,S2,16,0.00000000,0.00000000,80
evidence_distractor_neutral,S2,17,0.00000000,0.00000000,80
evidence_distractor_neutral,S2,18,0.00000000,0.00000000,80
evidence_distractor_neutral,S2,19,0.00000000,0.00000000,80
evidence_distractor_neutral,S2,20,0.00000000,0.00000000,80
evidence_distractor_neutral,S2,21,0.00000000,0.00000000,80
evidence_distractor_neutral,S2,22,0.00000000,0.00000000,80
evidence_distractor_neutral,S2,23,0.00000000,0.00000000,80
evidence_distractor_neutral,S2,24,0.00000000,0.00000000,80
evidence_distractor_neutral,S2,25,0.00000000,0.00000000,80
evidence_distractor_neutral,S2,26,0.00000000,0.00000000,80
evidence_distractor_neutral,S2,27,0.00000000,0.00000000,80
evidence_distractor_neutral,S2,28,0.00000000,0.00000000,80
evidence_distractor_neutral,S2,29,0.00000000,0.00000000,80
evidence_distractor_neutral,S2,30,0.00000000,0.00000000,80
evidence_distractor_neutral,S2,31,0.00000000,0.00000000,80
evidence_distractor_neutral,S2,32,0.00000000,0.00000000,80
evidence_distractor_neutral,S2,33,0.00000000,0.00000000,80
evidence_distractor_neutral,S2,34,0.00000000,0.00000000,80
evidence_distractor_neutral,S2,35,0.00000000,0.00000000,80
evidence_distractor_neutral,S3,0,0.84012628,0.84116518,80
evidence_distractor_neutral,S3,1,1.41167010,1.40571257,80
evidence_distractor_neutral,S3,2,2.02195247,2.01653317,80
evidence_distractor_neutral,S3,3,2.65161554,2.63079248,80
evidence_distractor_neutral,S3,4,3.31818134,3.30286168,80
evidence_distractor_neutral,S3,5,4.24957861,4.24124395,80
evidence_distractor_neutral,S3,6,6.23400654,6.21294030,80
evidence_distractor_neutral,S3,7,8.01169247,8.02268038,80
evidence_distractor_neutral,S3,8,9.37794997,9.27448126,80
evidence_distractor_neutral,S3,9,8.76134784,8.72218993,80
evidence_distractor_neutral,S3,10,9.13967942,9.19033839,80
evidence_distractor_neutral,S3,11,9.64923413,9.71073889,80
evidence_distractor_neutral,S3,12,9.88021674,9.82347745,80
evidence_distractor_neutral,S3,13,9.92780062,9.92605211,80
evidence_distractor_neutral,S3,14,11.67075397,11.49814366,80
evidence_distractor_neutral,S3,15,12.95441318,12.78406177,80
evidence_distractor_neutral,S3,16,13.63313761,13.41368835,80
evidence_distractor_neutral,S3,17,15.16230052,14.94579480,80
evidence_distractor_neutral,S3,18,15.45086201,15.16896647,80
evidence_distractor_neutral,S3,19,19.35577228,19.08352974,80
evidence_distractor_neutral,S3,20,21.52475946,21.14235652,80
evidence_distractor_neutral,S3,21,24.17186809,23.85074901,80
evidence_distractor_neutral,S3,22,25.34432447,25.16575892,80
evidence_distractor_neutral,S3,23,29.87703418,29.70482345,80
evidence_distractor_neutral,S3,24,36.89405120,36.78596168,80
evidence_distractor_neutral,S3,25,41.99646013,41.78490805,80
evidence_distractor_neutral,S3,26,47.87267427,48.00318020,80
evidence_distractor_neutral,S3,27,56.54292276,56.81715440,80
evidence_distractor_neutral,S3,28,69.40466800,69.37644919,80
evidence_distractor_neutral,S3,29,81.65786397,82.10941990,80
evidence_distractor_neutral,S3,30,99.61949063,99.32705719,80
evidence_distractor_neutral,S3,31,114.87259840,114.29772005,80
evidence_distractor_neutral,S3,32,132.20246614,131.94286368,80
evidence_distractor_neutral,S3,33,149.37958535,148.33601411,80
evidence_distractor_neutral,S3,34,170.73852137,167.59616651,80
evidence_distractor_neutral,S3,35,73.38092370,72.91535358,80
evidence_distractor_neutral,S4,0,0.45266682,0.35341941,80
evidence_distractor_neutral,S4,1,0.53640332,0.44361903,80
evidence_distractor_neutral,S4,2,0.68155393,0.60007362,80
evidence_distractor_neutral,S4,3,0.82226971,0.76188440,80
evidence_distractor_neutral,S4,4,1.07305561,1.01844708,80
evidence_distractor_neutral,S4,5,1.41359715,1.37520866,80
evidence_distractor_neutral,S4,6,1.79942343,1.77953358,80
evidence_distractor_neutral,S4,7,2.24187321,2.20050164,80
evidence_distractor_neutral,S4,8,2.91035508,2.88133085,80
evidence_distractor_neutral,S4,9,2.97395319,2.95824433,80
evidence_distractor_neutral,S4,10,3.21522488,3.22034441,80
evidence_distractor_neutral,S4,11,3.11412729,3.10583865,80
evidence_distractor_neutral,S4,12,3.40542167,3.39955984,80
evidence_distractor_neutral,S4,13,3.69124951,3.66884675,80
evidence_distractor_neutral,S4,14,3.85304251,3.83514638,80
evidence_distractor_neutral,S4,15,4.14448698,4.12052756,80
evidence_distractor_neutral,S4,16,4.51007320,4.47610374,80
evidence_distractor_neutral,S4,17,4.78718485,4.71181726,80
evidence_distractor_neutral,S4,18,5.62398207,5.59618104,80
evidence_distractor_neutral,S4,19,7.24286455,7.17851380,80
evidence_distractor_neutral,S4,20,8.88859759,8.72218151,80
evidence_distractor_neutral,S4,21,9.40892406,9.29161312,80
evidence_distractor_neutral,S4,22,9.23362863,9.04751196,80
evidence_distractor_neutral,S4,23,10.15056769,9.92973846,80
evidence_distractor_neutral,S4,24,11.51173440,11.09556690,80
evidence_distractor_neutral,S4,25,12.16043341,11.92471812,80
evidence_distractor_neutral,S4,26,13.08862136,12.97433212,80
evidence_distractor_neutral,S4,27,14.15040051,13.97784720,80
evidence_distractor_neutral,S4,28,15.39274381,15.22100314,80
evidence_distractor_neutral,S4,29,16.40058736,16.22866128,80
evidence_distractor_neutral,S4,30,18.03304655,17.83044986,80
evidence_distractor_neutral,S4,31,20.37740273,19.96901714,80
evidence_distractor_neutral,S4,32,24.46727535,24.08116081,80
evidence_distractor_neutral,S4,33,28.38147838,28.06308818,80
evidence_distractor_neutral,S4,34,38.45678858,38.17922280,80
evidence_distractor_neutral,S4,35,18.08161897,17.78430473,80
evidence_emotional_pressure,S0,0,0.00000000,0.00000000,80
evidence_emotional_pressure,S0,1,0.00000000,0.00000000,80
evidence_emotional_pressure,S0,2,0.00000000,0.00000000,80
evidence_emotional_pressure,S0,3,0.00000000,0.00000000,80
evidence_emotional_pressure,S0,4,0.00000000,0.00000000,80
evidence_emotional_pressure,S0,5,0.00000000,0.00000000,80
evidence_emotional_pressure,S0,6,0.00000000,0.00000000,80
evidence_emotional_pressure,S0,7,0.00000000,0.00000000,80
evidence_emotional_pressure,S0,8,0.00000000,0.00000000,80
evidence_emotional_pressure,S0,9,0.00000000,0.00000000,80
evidence_emotional_pressure,S0,10,0.00000000,0.00000000,80
evidence_emotional_pressure,S0,11,0.00000000,0.00000000,80
evidence_emotional_pressure,S0,12,0.00000000,0.00000000,80
evidence_emotional_pressure,S0,13,0.00000000,0.00000000,80
evidence_emotional_pressure,S0,14,0.00000000,0.00000000,80
evidence_emotional_pressure,S0,15,0.00000000,0.00000000,80
evidence_emotional_pressure,S0,16,0.00000000,0.00000000,80
evidence_emotional_pressure,S0,17,0.00000000,0.00000000,80
evidence_emotional_pressure,S0,18,0.00000000,0.00000000,80
evidence_emotional_pressure,S0,19,0.00000000,0.00000000,80
evidence_emotional_pressure,S0,20,0.00000000,0.00000000,80
evidence_emotional_pressure,S0,21,0.00000000,0.00000000,80
evidence_emotional_pressure,S0,22,0.00000000,0.00000000,80
evidence_emotional_pressure,S0,23,0.00000000,0.00000000,80
evidence_emotional_pressure,S0,24,0.00000000,0.00000000,80
evidence_emotional_pressure,S0,25,0.00000000,0.00000000,80
evidence_emotional_pressure,S0,26,0.00000000,0.00000000,80
evidence_emotional_pressure,S0,27,0.00000000,0.00000000,80
evidence_emotional_pressure,S0,28,0.00000000,0.00000000,80
evidence_emotional_pressure,S0,29,0.00000000,0.00000000,80
evidence_emotional_pressure,S0,30,0.00000000,0.00000000,80
evidence_emotional_pressure,S0,31,0.00000000,0.00000000,80
evidence_emotional_pressure,S0,32,0.00000000,0.00000000,80
evidence_emotional_pressure,S0,33,0.00000000,0.00000000,80
evidence_emotional_pressure,S0,34,0.00000000,0.00000000,80
evidence_emotional_pressure,S0,35,0.00000000,0.00000000,80
evidence_emotional_pressure,S1,0,0.00000000,0.00000000,80
evidence_emotional_pressure,S1,1,0.00000000,0.00000000,80
evidence_emotional_pressure,S1,2,0.00000000,0.00000000,80
evidence_emotional_pressure,S1,3,0.00000000,0.00000000,80
evidence_emotional_pressure,S1,4,0.00000000,0.00000000,80
evidence_emotional_pressure,S1,5,0.00000000,0.00000000,80
evidence_emotional_pressure,S1,6,0.00000000,0.00000000,80
evidence_emotional_pressure,S1,7,0.00000000,0.00000000,80
evidence_emotional_pressure,S1,8,0.00000000,0.00000000,80
evidence_emotional_pressure,S1,9,0.00000000,0.00000000,80
evidence_emotional_pressure,S1,10,0.00000000,0.00000000,80
evidence_emotional_pressure,S1,11,0.00000000,0.00000000,80
evidence_emotional_pressure,S1,12,0.00000000,0.00000000,80
evidence_emotional_pressure,S1,13,0.00000000,0.00000000,80
evidence_emotional_pressure,S1,14,0.00000000,0.00000000,80
evidence_emotional_pressure,S1,15,0.00000000,0.00000000,80
evidence_emotional_pressure,S1,16,0.00000000,0.00000000,80
evidence_emotional_pressure,S1,17,0.00000000,0.00000000,80
evidence_emotional_pressure,S1,18,0.00000000,0.00000000,80
evidence_emotional_pressure,S1,19,0.00000000,0.00000000,80
evidence_emotional_pressure,S1,20,0.00000000,0.00000000,80
evidence_emotional_pressure,S1,21,0.00000000,0.00000000,80
evidence_emotional_pressure,S1,22,0.00000000,0.00000000,80
evidence_emotional_pressure,S1,23,0.00000000,0.00000000,80
evidence_emotional_pressure,S1,24,0.00000000,0.00000000,80
evidence_emotional_pressure,S1,25,0.00000000,0.00000000,80
evidence_emotional_pressure,S1,26,0.00000000,0.00000000,80
evidence_emotional_pressure,S1,27,0.00000000,0.00000000,80
evidence_emotional_pressure,S1,28,0.00000000,0.00000000,80
evidence_emotional_pressure,S1,29,0.00000000,0.00000000,80
evidence_emotional_pressure,S1,30,0.00000000,0.00000000,80
evidence_emotional_pressure,S1,31,0.00000000,0.00000000,80
evidence_emotional_pressure,S1,32,0.00000000,0.00000000,80
evidence_emotional_pressure,S1,33,0.00000000,0.00000000,80
evidence_emotional_pressure,S1,34,0.00000000,0.00000000,80
evidence_emotional_pressure,S1,35,0.00000000,0.00000000,80
evidence_emotional_pressure,S2,0,0.00000000,0.00000000,80
evidence_emotional_pressure,S2,1,0.00000000,0.00000000,80
evidence_emotional_pressure,S2,2,0.00000000,0.00000000,80
evidence_emotional_pressure,S2,3,0.00000000,0.00000000,80
evidence_emotional_pressure,S2,4,0.00000000,0.00000000,80
evidence_emotional_pressure,S2,5,0.00000000,0.00000000,80
evidence_emotional_pressure,S2,6,0.00000000,0.00000000,80
evidence_emotional_pressure,S2,7,0.00000000,0.00000000,80
evidence_emotional_pressure,S2,8,0.00000000,0.00000000,80
evidence_emotional_pressure,S2,9,0.00000000,0.00000000,80
evidence_emotional_pressure,S2,10,0.00000000,0.00000000,80
evidence_emotional_pressure,S2,11,0.00000000,0.00000000,80
evidence_emotional_pressure,S2,12,0.00000000,0.00000000,80
evidence_emotional_pressure,S2,13,0.00000000,0.00000000,80
evidence_emotional_pressure,S2,14,0.00000000,0.00000000,80
evidence_emotional_pressure,S2,15,0.00000000,0.00000000,80
evidence_emotional_pressure,S2,16,0.00000000,0.00000000,80
evidence_emotional_pressure,S2,17,0.00000000,0.00000000,80
evidence_emotional_pressure,S2,18,0.00000000,0.00000000,80
evidence_emotional_pressure,S2,19,0.00000000,0.00000000,80
evidence_emotional_pressure,S2,20,0.00000000,0.00000000,80
evidence_emotional_pressure,S2,21,0.00000000,0.00000000,80
evidence_emotional_pressure,S2,22,0.00000000,0.00000000,80
evidence_emotional_pressure,S2,23,0.00000000,0.00000000,80
evidence_emotional_pressure,S2,24,0.00000000,0.00000000,80
evidence_emotional_pressure,S2,25,0.00000000,0.00000000,80
evidence_emotional_pressure,S2,26,0.00000000,0.00000000,80
evidence_emotional_pressure,S2,27,0.00000000,0.00000000,80
evidence_emotional_pressure,S2,28,0.00000000,0.00000000,80
evidence_emotional_pressure,S2,29,0.00000000,0.00000000,80
evidence_emotional_pressure,S2,30,0.00000000,0.00000000,80
evidence_emotional_pressure,S2,31,0.00000000,0.00000000,80
evidence_emotional_pressure,S2,32,0.00000000,0.00000000,80
evidence_emotional_pressure,S2,33,0.00000000,0.00000000,80
evidence_emotional_pressure,S2,34,0.00000000,0.00000000,80
evidence_emotional_pressure,S2,35,0.00000000,0.00000000,80
evidence_emotional_pressure,S3,0,0.97846691,0.97616050,80
evidence_emotional_pressure,S3,1,1.57454149,1.57416523,80
evidence_emotional_pressure,S3,2,2.40456758,2.39943223,80
evidence_emotional_pressure,S3,3,3.38841006,3.38666233,80
evidence_emotional_pressure,S3,4,4.17535611,4.16640246,80
evidence_emotional_pressure,S3,5,5.63671027,5.63865747,80
evidence_emotional_pressure,S3,6,9.65453426,9.65466776,80
evidence_emotional_pressure,S3,7,12.27830167,12.29768101,80
evidence_emotional_pressure,S3,8,18.64850364,18.61173760,80
evidence_emotional_pressure,S3,9,18.53399300,18.54001413,80
evidence_emotional_pressure,S3,10,22.59775293,22.60178564,80
evidence_emotional_pressure,S3,11,23.48610526,23.51841544,80
evidence_emotional_pressure,S3,12,26.12614325,26.10904765,80
evidence_emotional_pressure,S3,13,25.22573160,25.20943057,80
evidence_emotional_pressure,S3,14,24.64076392,24.65380740,80
evidence_emotional_pressure,S3,15,26.00935867,25.99913180,80
evidence_emotional_pressure,S3,16,27.05118873,27.03924545,80
evidence_emotional_pressure,S3,17,30.59147828,30.67023187,80
evidence_emotional_pressure,S3,18,31.50671675,31.41645605,80
evidence_emotional_pressure,S3,19,39.02404998,38.88355934,80
evidence_emotional_pressure,S3,20,43.61789303,43.44031739,80
evidence_emotional_pressure,S3,21,48.48067448,48.34866342,80
evidence_emotional_pressure,S3,22,53.85188700,53.90965795,80
evidence_emotional_pressure,S3,23,63.18440614,63.23480908,80
evidence_emotional_pressure,S3,24,75.58111632,75.25676789,80
evidence_emotional_pressure,S3,25,86.28785036,86.11078345,80
evidence_emotional_pressure,S3,26,97.32080311,97.14659044,80
evidence_emotional_pressure,S3,27,111.70251005,111.45780497,80
evidence_emotional_pressure,S3,28,131.81230165,131.98699151,80
evidence_emotional_pressure,S3,29,148.01538010,147.72106464,80
evidence_emotional_pressure,S3,30,169.78044514,170.02264816,80
evidence_emotional_pressure,S3,31,187.85435957,188.56449806,80
evidence_emotional_pressure,S3,32,207.60417244,208.62280036,80
evidence_emotional_pressure,S3,33,228.44221537,228.22123901,80
evidence_emotional_pressure,S3,34,251.94060552,250.24763149,80
evidence_emotional_pressure,S3,35,126.98061441,127.25412831,80
evidence_emotional_pressure,S4,0,1.22388673,1.22585559,80
evidence_emotional_pressure,S4,1,1.33226441,1.33590141,80
evidence_emotional_pressure,S4,2,1.49769439,1.49518316,80
evidence_emotional_pressure,S4,3,1.80458925,1.79922471,80
evidence_emotional_pressure,S4,4,2.10062724,2.10110307,80
evidence_emotional_pressure,S4,5,2.48580507,2.47634149,80
evidence_emotional_pressure,S4,6,3.25867367,3.25628773,80
evidence_emotional_pressure,S4,7,3.88225115,3.86684157,80
evidence_emotional_pressure,S4,8,4.93963154,4.87522661,80
evidence_emotional_pressure,S4,9,5.17202022,5.10983002,80
evidence_emotional_pressure,S4,10,4.94378513,4.90569432,80
evidence_emotional_pressure,S4,11,4.73871424,4.71004258,80
evidence_emotional_pressure,S4,12,5.88253347,5.85463214,80
evidence_emotional_pressure,S4,13,6.48354451,6.41477234,80
evidence_emotional_pressure,S4,14,6.52637768,6.48439378,80
evidence_emotional_pressure,S4,15,7.60302659,7.58990346,80
evidence_emotional_pressure,S4,16,8.33217403,8.27865424,80
evidence_emotional_pressure,S4,17,9.42791565,9.40194570,80
evidence_emotional_pressure,S4,18,14.29541593,14.24967718,80
evidence_emotional_pressure,S4,19,20.15621847,19.97049823,80
evidence_emotional_pressure,S4,20,26.94764810,26.89498225,80
evidence_emotional_pressure,S4,21,30.51000940,30.36999881,80
evidence_emotional_pressure,S4,22,31.94357201,31.66555147,80
evidence_emotional_pressure,S4,23,38.00587207,37.58922811,80
evidence_emotional_pressure,S4,24,43.80521736,43.67385875,80
evidence_emotional_pressure,S4,25,46.75579575,46.52995410,80
evidence_emotional_pressure,S4,26,51.74599317,51.53574895,80
evidence_emotional_pressure,S4,27,56.72876598,56.63473509,80
evidence_emotional_pressure,S4,28,62.28309951,61.65023827,80
evidence_emotional_pressure,S4,29,67.37824501,66.38655786,80
evidence_emotional_pressure,S4,30,74.21405682,73.00516305,80
evidence_emotional_pressure,S4,31,82.22996919,80.45078166,80
evidence_emotional_pressure,S4,32,94.22372341,92.39651251,80
evidence_emotional_pressure,S4,33,105.89198882,104.37054843,80
evidence_emotional_pressure,S4,34,128.76360107,126.22460578,80
evidence_emotional_pressure,S4,35,63.75556694,63.79202099,80
evidence_false_belief_pressure,S0,0,0.00000000,0.00000000,80
evidence_false_belief_pressure,S0,1,0.00000000,0.00000000,80
evidence_false_belief_pressure,S0,2,0.00000000,0.00000000,80
evidence_false_belief_pressure,S0,3,0.00000000,0.00000000,80
evidence_false_belief_pressure,S0,4,0.00000000,0.00000000,80
evidence_false_belief_pressure,S0,5,0.00000000,0.00000000,80
evidence_false_belief_pressure,S0,6,0.00000000,0.00000000,80
evidence_false_belief_pressure,S0,7,0.00000000,0.00000000,80
evidence_false_belief_pressure,S0,8,0.00000000,0.00000000,80
evidence_false_belief_pressure,S0,9,0.00000000,0.00000000,80
evidence_false_belief_pressure,S0,10,0.00000000,0.00000000,80
evidence_false_belief_pressure,S0,11,0.00000000,0.00000000,80
evidence_false_belief_pressure,S0,12,0.00000000,0.00000000,80
evidence_false_belief_pressure,S0,13,0.00000000,0.00000000,80
evidence_false_belief_pressure,S0,14,0.00000000,0.00000000,80
evidence_false_belief_pressure,S0,15,0.00000000,0.00000000,80
evidence_false_belief_pressure,S0,16,0.00000000,0.00000000,80
evidence_false_belief_pressure,S0,17,0.00000000,0.00000000,80
evidence_false_belief_pressure,S0,18,0.00000000,0.00000000,80
evidence_false_belief_pressure,S0,19,0.00000000,0.00000000,80
evidence_false_belief_pressure,S0,20,0.00000000,0.00000000,80
evidence_false_belief_pressure,S0,21,0.00000000,0.00000000,80
evidence_false_belief_pressure,S0,22,0.00000000,0.00000000,80
evidence_false_belief_pressure,S0,23,0.00000000,0.00000000,80
evidence_false_belief_pressure,S0,24,0.00000000,0.00000000,80
evidence_false_belief_pressure,S0,25,0.00000000,0.00000000,80
evidence_false_belief_pressure,S0,26,0.00000000,0.00000000,80
evidence_false_belief_pressure,S0,27,0.00000000,0.00000000,80
evidence_false_belief_pressure,S0,28,0.00000000,0.00000000,80
evidence_false_belief_pressure,S0,29,0.00000000,0.00000000,80
evidence_false_belief_pressure,S0,30,0.00000000,0.00000000,80
evidence_false_belief_pressure,S0,31,0.00000000,0.00000000,80
evidence_false_belief_pressure,S0,32,0.00000000,0.00000000,80
evidence_false_belief_pressure,S0,33,0.00000000,0.00000000,80
evidence_false_belief_pressure,S0,34,0.00000000,0.00000000,80
evidence_false_belief_pressure,S0,35,0.00000000,0.00000000,80
evidence_false_belief_pressure,S1,0,0.00000000,0.00000000,80
evidence_false_belief_pressure,S1,1,0.00000000,0.00000000,80
evidence_false_belief_pressure,S1,2,0.00000000,0.00000000,80
evidence_false_belief_pressure,S1,3,0.00000000,0.00000000,80
evidence_false_belief_pressure,S1,4,0.00000000,0.00000000,80
evidence_false_belief_pressure,S1,5,0.00000000,0.00000000,80
evidence_false_belief_pressure,S1,6,0.00000000,0.00000000,80
evidence_false_belief_pressure,S1,7,0.00000000,0.00000000,80
evidence_false_belief_pressure,S1,8,0.00000000,0.00000000,80
evidence_false_belief_pressure,S1,9,0.00000000,0.00000000,80
evidence_false_belief_pressure,S1,10,0.00000000,0.00000000,80
evidence_false_belief_pressure,S1,11,0.00000000,0.00000000,80
evidence_false_belief_pressure,S1,12,0.00000000,0.00000000,80
evidence_false_belief_pressure,S1,13,0.00000000,0.00000000,80
evidence_false_belief_pressure,S1,14,0.00000000,0.00000000,80
evidence_false_belief_pressure,S1,15,0.00000000,0.00000000,80
evidence_false_belief_pressure,S1,16,0.00000000,0.00000000,80
evidence_false_belief_pressure,S1,17,0.00000000,0.00000000,80
evidence_false_belief_pressure,S1,18,0.00000000,0.00000000,80
evidence_false_belief_pressure,S1,19,0.00000000,0.00000000,80
evidence_false_belief_pressure,S1,20,0.00000000,0.00000000,80
evidence_false_belief_pressure,S1,21,0.00000000,0.00000000,80
evidence_false_belief_pressure,S1,22,0.00000000,0.00000000,80
evidence_false_belief_pressure,S1,23,0.00000000,0.00000000,80
evidence_false_belief_pressure,S1,24,0.00000000,0.00000000,80
evidence_false_belief_pressure,S1,25,0.00000000,0.00000000,80
evidence_false_belief_pressure,S1,26,0.00000000,0.00000000,80
evidence_false_belief_pressure,S1,27,0.00000000,0.00000000,80
evidence_false_belief_pressure,S1,28,0.00000000,0.00000000,80
evidence_false_belief_pressure,S1,29,0.00000000,0.00000000,80
evidence_false_belief_pressure,S1,30,0.00000000,0.00000000,80
evidence_false_belief_pressure,S1,31,0.00000000,0.00000000,80
evidence_false_belief_pressure,S1,32,0.00000000,0.00000000,80
evidence_false_belief_pressure,S1,33,0.00000000,0.00000000,80
evidence_false_belief_pressure,S1,34,0.00000000,0.00000000,80
evidence_false_belief_pressure,S1,35,0.00000000,0.00000000,80
evidence_false_belief_pressure,S2,0,0.00000000,0.00000000,80
evidence_false_belief_pressure,S2,1,0.00000000,0.00000000,80
evidence_false_belief_pressure,S2,2,0.00000000,0.00000000,80
evidence_false_belief_pressure,S2,3,0.00000000,0.00000000,80
evidence_false_belief_pressure,S2,4,0.00000000,0.00000000,80
evidence_false_belief_pressure,S2,5,0.00000000,0.00000000,80
evidence_false_belief_pressure,S2,6,0.00000000,0.00000000,80
evidence_false_belief_pressure,S2,7,0.00000000,0.00000000,80
evidence_false_belief_pressure,S2,8,0.00000000,0.00000000,80
evidence_false_belief_pressure,S2,9,0.00000000,0.00000000,80
evidence_false_belief_pressure,S2,10,0.00000000,0.00000000,80
evidence_false_belief_pressure,S2,11,0.00000000,0.00000000,80
evidence_false_belief_pressure,S2,12,0.00000000,0.00000000,80
evidence_false_belief_pressure,S2,13,0.00000000,0.00000000,80
evidence_false_belief_pressure,S2,14,0.00000000,0.00000000,80
evidence_false_belief_pressure,S2,15,0.00000000,0.00000000,80
evidence_false_belief_pressure,S2,16,0.00000000,0.00000000,80
evidence_false_belief_pressure,S2,17,0.00000000,0.00000000,80
evidence_false_belief_pressure,S2,18,0.00000000,0.00000000,80
evidence_false_belief_pressure,S2,19,0.00000000,0.00000000,80
evidence_false_belief_pressure,S2,20,0.00000000,0.00000000,80
evidence_false_belief_pressure,S2,21,0.00000000,0.00000000,80
evidence_false_belief_pressure,S2,22,0.00000000,0.00000000,80
evidence_false_belief_pressure,S2,23,0.00000000,0.00000000,80
evidence_false_belief_pressure,S2,24,0.00000000,0.00000000,80
evidence_false_belief_pressure,S2,25,0.00000000,0.00000000,80
evidence_false_belief_pressure,S2,26,0.00000000,0.00000000,80
evidence_false_belief_pressure,S2,27,0.00000000,0.00000000,80
evidence_false_belief_pressure,S2,28,0.00000000,0.00000000,80
evidence_false_belief_pressure,S2,29,0.00000000,0.00000000,80
evidence_false_belief_pressure,S2,30,0.00000000,0.00000000,80
evidence_false_belief_pressure,S2,31,0.00000000,0.00000000,80
evidence_false_belief_pressure,S2,32,0.00000000,0.00000000,80
evidence_false_belief_pressure,S2,33,0.00000000,0.00000000,80
evidence_false_belief_pressure,S2,34,0.00000000,0.00000000,80
evidence_false_belief_pressure,S2,35,0.00000000,0.00000000,80
evidence_false_belief_pressure,S3,0,2.67244103,2.67058760,80
evidence_false_belief_pressure,S3,1,3.15612943,3.15235713,80
evidence_false_belief_pressure,S3,2,4.16887603,4.16859001,80
evidence_false_belief_pressure,S3,3,5.41523649,5.41663989,80
evidence_false_belief_pressure,S3,4,6.62965842,6.63175188,80
evidence_false_belief_pressure,S3,5,8.78292997,8.78779696,80
evidence_false_belief_pressure,S3,6,13.43810349,13.42200885,80
evidence_false_belief_pressure,S3,7,15.58028252,15.59866666,80
evidence_false_belief_pressure,S3,8,22.04812152,22.09929406,80
evidence_false_belief_pressure,S3,9,20.74744125,20.79725583,80
evidence_false_belief_pressure,S3,10,21.58792752,21.62741082,80
evidence_false_belief_pressure,S3,11,23.28480129,23.27580430,80
evidence_false_belief_pressure,S3,12,25.55815664,25.59581807,80
evidence_false_belief_pressure,S3,13,25.56692300,25.62112026,80
evidence_false_belief_pressure,S3,14,25.28313785,25.27389752,80
evidence_false_belief_pressure,S3,15,27.18199063,27.19135856,80
evidence_false_belief_pressure,S3,16,27.72445884,27.66288783,80
evidence_false_belief_pressure,S3,17,31.55063665,31.55330867,80
evidence_false_belief_pressure,S3,18,31.97600901,32.00135630,80
evidence_false_belief_pressure,S3,19,39.73728993,39.45700581,80
evidence_false_belief_pressure,S3,20,44.41202415,43.90879867,80
evidence_false_belief_pressure,S3,21,47.64108502,47.35806585,80
evidence_false_belief_pressure,S3,22,50.71754894,50.80883490,80
evidence_false_belief_pressure,S3,23,58.87532022,58.59163299,80
evidence_false_belief_pressure,S3,24,68.68599580,68.30558419,80
evidence_false_belief_pressure,S3,25,78.68081253,77.89535641,80
evidence_false_belief_pressure,S3,26,90.23485506,90.00951345,80
evidence_false_belief_pressure,S3,27,106.18215076,105.12219299,80
evidence_false_belief_pressure,S3,28,124.49623744,123.69757655,80
evidence_false_belief_pressure,S3,29,140.19683196,138.61897720,80
evidence_false_belief_pressure,S3,30,166.38323152,164.96715767,80
evidence_false_belief_pressure,S3,31,188.81335819,187.78207040,80
evidence_false_belief_pressure,S3,32,209.62379158,208.34589166,80
evidence_false_belief_pressure,S3,33,229.39917807,228.33996097,80
evidence_false_belief_pressure,S3,34,249.47223599,248.13359569,80
evidence_false_belief_pressure,S3,35,108.30661600,107.31501105,80
evidence_false_belief_pressure,S4,0,0.21870522,0.20993019,80
evidence_false_belief_pressure,S4,1,0.39625886,0.39353978,80
evidence_false_belief_pressure,S4,2,0.71369488,0.70951395,80
evidence_false_belief_pressure,S4,3,1.43527071,1.43603549,80
evidence_false_belief_pressure,S4,4,1.88493670,1.88531685,80
evidence_false_belief_pressure,S4,5,2.35226587,2.36568837,80
evidence_false_belief_pressure,S4,6,3.28571787,3.30746883,80
evidence_false_belief_pressure,S4,7,4.21371414,4.24654950,80
evidence_false_belief_pressure,S4,8,5.44956672,5.47722589,80
evidence_false_belief_pressure,S4,9,5.69537653,5.71405009,80
evidence_false_belief_pressure,S4,10,6.30009917,6.33109441,80
evidence_false_belief_pressure,S4,11,6.02556424,6.06434342,80
evidence_false_belief_pressure,S4,12,7.39024021,7.38681881,80
evidence_false_belief_pressure,S4,13,8.27059783,8.26324686,80
evidence_false_belief_pressure,S4,14,8.08983270,8.07029480,80
evidence_false_belief_pressure,S4,15,9.01790716,8.97112629,80
evidence_false_belief_pressure,S4,16,9.43945566,9.38459257,80
evidence_false_belief_pressure,S4,17,10.00474423,9.92784068,80
evidence_false_belief_pressure,S4,18,12.88619978,12.89209052,80
evidence_false_belief_pressure,S4,19,16.59847142,16.58499616,80
evidence_false_belief_pressure,S4,20,22.69658237,22.58842856,80
evidence_false_belief_pressure,S4,21,24.98990756,24.74538857,80
evidence_false_belief_pressure,S4,22,24.12835104,24.12997249,80
evidence_false_belief_pressure,S4,23,28.04373043,28.21482734,80
evidence_false_belief_pressure,S4,24,30.91252334,30.83375640,80
evidence_false_belief_pressure,S4,25,32.42381087,32.23413185,80
evidence_false_belief_pressure,S4,26,36.90521052,36.93993903,80
evidence_false_belief_pressure,S4,27,40.16958828,40.32449641,80
evidence_false_belief_pressure,S4,28,42.72634140,42.55965512,80
evidence_false_belief_pressure,S4,29,45.55048375,45.27121953,80
evidence_false_belief_pressure,S4,30,50.11385998,49.52966068,80
evidence_false_belief_pressure,S4,31,54.76873655,53.62262665,80
evidence_false_belief_pressure,S4,32,62.07093463,61.18321447,80
evidence_false_belief_pressure,S4,33,70.62059259,69.89775720,80
evidence_false_belief_pressure,S4,34,87.05894999,86.66077153,80
evidence_false_belief_pressure,S4,35,44.23643238,43.70919457,80
evidence_false_rationale_pressure,S0,0,0.00000000,0.00000000,80
evidence_false_rationale_pressure,S0,1,0.00000000,0.00000000,80
evidence_false_rationale_pressure,S0,2,0.00000000,0.00000000,80
evidence_false_rationale_pressure,S0,3,0.00000000,0.00000000,80
evidence_false_rationale_pressure,S0,4,0.00000000,0.00000000,80
evidence_false_rationale_pressure,S0,5,0.00000000,0.00000000,80
evidence_false_rationale_pressure,S0,6,0.00000000,0.00000000,80
evidence_false_rationale_pressure,S0,7,0.00000000,0.00000000,80
evidence_false_rationale_pressure,S0,8,0.00000000,0.00000000,80
evidence_false_rationale_pressure,S0,9,0.00000000,0.00000000,80
evidence_false_rationale_pressure,S0,10,0.00000000,0.00000000,80
evidence_false_rationale_pressure,S0,11,0.00000000,0.00000000,80
evidence_false_rationale_pressure,S0,12,0.00000000,0.00000000,80
evidence_false_rationale_pressure,S0,13,0.00000000,0.00000000,80
evidence_false_rationale_pressure,S0,14,0.00000000,0.00000000,80
evidence_false_rationale_pressure,S0,15,0.00000000,0.00000000,80
evidence_false_rationale_pressure,S0,16,0.00000000,0.00000000,80
evidence_false_rationale_pressure,S0,17,0.00000000,0.00000000,80
evidence_false_rationale_pressure,S0,18,0.00000000,0.00000000,80
evidence_false_rationale_pressure,S0,19,0.00000000,0.00000000,80
evidence_false_rationale_pressure,S0,20,0.00000000,0.00000000,80
evidence_false_rationale_pressure,S0,21,0.00000000,0.00000000,80
evidence_false_rationale_pressure,S0,22,0.00000000,0.00000000,80
evidence_false_rationale_pressure,S0,23,0.00000000,0.00000000,80
evidence_false_rationale_pressure,S0,24,0.00000000,0.00000000,80
evidence_false_rationale_pressure,S0,25,0.00000000,0.00000000,80
evidence_false_rationale_pressure,S0,26,0.00000000,0.00000000,80
evidence_false_rationale_pressure,S0,27,0.00000000,0.00000000,80
evidence_false_rationale_pressure,S0,28,0.00000000,0.00000000,80
evidence_false_rationale_pressure,S0,29,0.00000000,0.00000000,80
evidence_false_rationale_pressure,S0,30,0.00000000,0.00000000,80
evidence_false_rationale_pressure,S0,31,0.00000000,0.00000000,80
evidence_false_rationale_pressure,S0,32,0.00000000,0.00000000,80
evidence_false_rationale_pressure,S0,33,0.00000000,0.00000000,80
evidence_false_rationale_pressure,S0,34,0.00000000,0.00000000,80
evidence_false_rationale_pressure,S0,35,0.00000000,0.00000000,80
evidence_false_rationale_pressure,S1,0,0.00000000,0.00000000,80
evidence_false_rationale_pressure,S1,1,0.00000000,0.00000000,80
evidence_false_rationale_pressure,S1,2,0.00000000,0.00000000,80
evidence_false_rationale_pressure,S1,3,0.00000000,0.00000000,80
evidence_false_rationale_pressure,S1,4,0.00000000,0.00000000,80
evidence_false_rationale_pressure,S1,5,0.00000000,0.00000000,80
evidence_false_rationale_pressure,S1,6,0.00000000,0.00000000,80
evidence_false_rationale_pressure,S1,7,0.00000000,0.00000000,80
evidence_false_rationale_pressure,S1,8,0.00000000,0.00000000,80
evidence_false_rationale_pressure,S1,9,0.00000000,0.00000000,80
evidence_false_rationale_pressure,S1,10,0.00000000,0.00000000,80
evidence_false_rationale_pressure,S1,11,0.00000000,0.00000000,80
evidence_false_rationale_pressure,S1,12,0.00000000,0.00000000,80
evidence_false_rationale_pressure,S1,13,0.00000000,0.00000000,80
evidence_false_rationale_pressure,S1,14,0.00000000,0.00000000,80
evidence_false_rationale_pressure,S1,15,0.00000000,0.00000000,80
evidence_false_rationale_pressure,S1,16,0.00000000,0.00000000,80
evidence_false_rationale_pressure,S1,17,0.00000000,0.00000000,80
evidence_false_rationale_pressure,S1,18,0.00000000,0.00000000,80
evidence_false_rationale_pressure,S1,19,0.00000000,0.00000000,80
evidence_false_rationale_pressure,S1,20,0.00000000,0.00000000,80
evidence_false_rationale_pressure,S1,21,0.00000000,0.00000000,80
evidence_false_rationale_pressure,S1,22,0.00000000,0.00000000,80
evidence_false_rationale_pressure,S1,23,0.00000000,0.00000000,80
evidence_false_rationale_pressure,S1,24,0.00000000,0.00000000,80
evidence_false_rationale_pressure,S1,25,0.00000000,0.00000000,80
evidence_false_rationale_pressure,S1,26,0.00000000,0.00000000,80
evidence_false_rationale_pressure,S1,27,0.00000000,0.00000000,80
evidence_false_rationale_pressure,S1,28,0.00000000,0.00000000,80
evidence_false_rationale_pressure,S1,29,0.00000000,0.00000000,80
evidence_false_rationale_pressure,S1,30,0.00000000,0.00000000,80
evidence_false_rationale_pressure,S1,31,0.00000000,0.00000000,80
evidence_false_rationale_pressure,S1,32,0.00000000,0.00000000,80
evidence_false_rationale_pressure,S1,33,0.00000000,0.00000000,80
evidence_false_rationale_pressure,S1,34,0.00000000,0.00000000,80
evidence_false_rationale_pressure,S1,35,0.00000000,0.00000000,80
evidence_false_rationale_pressure,S2,0,0.00000000,0.00000000,80
evidence_false_rationale_pressure,S2,1,0.00000000,0.00000000,80
evidence_false_rationale_pressure,S2,2,0.00000000,0.00000000,80
evidence_false_rationale_pressure,S2,3,0.00000000,0.00000000,80
evidence_false_rationale_pressure,S2,4,0.00000000,0.00000000,80
evidence_false_rationale_pressure,S2,5,0.00000000,0.00000000,80
evidence_false_rationale_pressure,S2,6,0.00000000,0.00000000,80
evidence_false_rationale_pressure,S2,7,0.00000000,0.00000000,80
evidence_false_rationale_pressure,S2,8,0.00000000,0.00000000,80
evidence_false_rationale_pressure,S2,9,0.00000000,0.00000000,80
evidence_false_rationale_pressure,S2,10,0.00000000,0.00000000,80
evidence_false_rationale_pressure,S2,11,0.00000000,0.00000000,80
evidence_false_rationale_pressure,S2,12,0.00000000,0.00000000,80
evidence_false_rationale_pressure,S2,13,0.00000000,0.00000000,80
evidence_false_rationale_pressure,S2,14,0.00000000,0.00000000,80
evidence_false_rationale_pressure,S2,15,0.00000000,0.00000000,80
evidence_false_rationale_pressure,S2,16,0.00000000,0.00000000,80
evidence_false_rationale_pressure,S2,17,0.00000000,0.00000000,80
evidence_false_rationale_pressure,S2,18,0.00000000,0.00000000,80
evidence_false_rationale_pressure,S2,19,0.00000000,0.00000000,80
evidence_false_rationale_pressure,S2,20,0.00000000,0.00000000,80
evidence_false_rationale_pressure,S2,21,0.00000000,0.00000000,80
evidence_false_rationale_pressure,S2,22,0.00000000,0.00000000,80
evidence_false_rationale_pressure,S2,23,0.00000000,0.00000000,80
evidence_false_rationale_pressure,S2,24,0.00000000,0.00000000,80
evidence_false_rationale_pressure,S2,25,0.00000000,0.00000000,80
evidence_false_rationale_pressure,S2,26,0.00000000,0.00000000,80
evidence_false_rationale_pressure,S2,27,0.00000000,0.00000000,80
evidence_false_rationale_pressure,S2,28,0.00000000,0.00000000,80
evidence_false_rationale_pressure,S2,29,0.00000000,0.00000000,80
evidence_false_rationale_pressure,S2,30,0.00000000,0.00000000,80
evidence_false_rationale_pressure,S2,31,0.00000000,0.00000000,80
evidence_false_rationale_pressure,S2,32,0.00000000,0.00000000,80
evidence_false_rationale_pressure,S2,33,0.00000000,0.00000000,80
evidence_false_rationale_pressure,S2,34,0.00000000,0.00000000,80
evidence_false_rationale_pressure,S2,35,0.00000000,0.00000000,80
evidence_false_rationale_pressure,S3,0,2.70671266,2.71049119,80
evidence_false_rationale_pressure,S3,1,3.28389625,3.28572757,80
evidence_false_rationale_pressure,S3,2,4.35236262,4.36500855,80
evidence_false_rationale_pressure,S3,3,5.55929629,5.57323735,80
evidence_false_rationale_pressure,S3,4,6.74555698,6.76063826,80
evidence_false_rationale_pressure,S3,5,8.98465050,8.97246344,80
evidence_false_rationale_pressure,S3,6,13.49842224,13.50630573,80
evidence_false_rationale_pressure,S3,7,16.28729386,16.29048990,80
evidence_false_rationale_pressure,S3,8,22.69709808,22.67085000,80
evidence_false_rationale_pressure,S3,9,21.32656206,21.30904551,80
evidence_false_rationale_pressure,S3,10,22.91433139,22.91729124,80
evidence_false_rationale_pressure,S3,11,24.21369086,24.17402580,80
evidence_false_rationale_pressure,S3,12,25.22819501,25.18660506,80
evidence_false_rationale_pressure,S3,13,25.08779253,25.08100281,80
evidence_false_rationale_pressure,S3,14,25.28270007,25.35164091,80
evidence_false_rationale_pressure,S3,15,26.82079878,26.88552449,80
evidence_false_rationale_pressure,S3,16,27.55333428,27.48536105,80
evidence_false_rationale_pressure,S3,17,31.94742762,31.90942778,80
evidence_false_rationale_pressure,S3,18,32.58808230,32.51819572,80
evidence_false_rationale_pressure,S3,19,40.94345905,40.67768056,80
evidence_false_rationale_pressure,S3,20,45.83556456,45.70832174,80
evidence_false_rationale_pressure,S3,21,48.73402189,48.69740325,80
evidence_false_rationale_pressure,S3,22,50.84482227,50.72391992,80
evidence_false_rationale_pressure,S3,23,59.81401035,59.66280641,80
evidence_false_rationale_pressure,S3,24,69.82418182,69.67088521,80
evidence_false_rationale_pressure,S3,25,79.52456530,79.17787406,80
evidence_false_rationale_pressure,S3,26,90.94143115,90.20039087,80
evidence_false_rationale_pressure,S3,27,104.37302605,103.26042387,80
evidence_false_rationale_pressure,S3,28,122.46364596,121.44024220,80
evidence_false_rationale_pressure,S3,29,137.63025523,135.89419953,80
evidence_false_rationale_pressure,S3,30,159.64172669,158.48060852,80
evidence_false_rationale_pressure,S3,31,179.29724744,178.48913701,80
evidence_false_rationale_pressure,S3,32,197.57599886,195.80266639,80
evidence_false_rationale_pressure,S3,33,214.77063094,213.05385763,80
evidence_false_rationale_pressure,S3,34,233.18824455,230.86175471,80
evidence_false_rationale_pressure,S3,35,107.75533036,107.93290985,80
evidence_false_rationale_pressure,S4,0,0.62908859,0.35756663,80
evidence_false_rationale_pressure,S4,1,0.79369341,0.55900233,80
evidence_false_rationale_pressure,S4,2,1.05333905,0.87828742,80
evidence_false_rationale_pressure,S4,3,1.64311799,1.53786603,80
evidence_false_rationale_pressure,S4,4,2.18411741,2.13708237,80
evidence_false_rationale_pressure,S4,5,2.84933591,2.86092197,80
evidence_false_rationale_pressure,S4,6,3.77301880,3.77383020,80
evidence_false_rationale_pressure,S4,7,4.71662407,4.70795472,80
evidence_false_rationale_pressure,S4,8,6.20771207,6.23274909,80
evidence_false_rationale_pressure,S4,9,6.54052360,6.54909993,80
evidence_false_rationale_pressure,S4,10,6.82916635,6.82297829,80
evidence_false_rationale_pressure,S4,11,6.38675603,6.40284331,80
evidence_false_rationale_pressure,S4,12,7.44670191,7.48662961,80
evidence_false_rationale_pressure,S4,13,8.10594094,8.12250387,80
evidence_false_rationale_pressure,S4,14,7.94778162,7.95272530,80
evidence_false_rationale_pressure,S4,15,8.94493986,8.95047864,80
evidence_false_rationale_pressure,S4,16,9.42041993,9.40536178,80
evidence_false_rationale_pressure,S4,17,9.98358809,9.98052128,80
evidence_false_rationale_pressure,S4,18,12.91029475,12.89754111,80
evidence_false_rationale_pressure,S4,19,17.86690516,17.79865593,80
evidence_false_rationale_pressure,S4,20,24.41054803,24.41932155,80
evidence_false_rationale_pressure,S4,21,27.57196272,27.16717790,80
evidence_false_rationale_pressure,S4,22,27.55690432,27.33056404,80
evidence_false_rationale_pressure,S4,23,31.83600368,31.41505953,80
evidence_false_rationale_pressure,S4,24,35.82672737,34.86815023,80
evidence_false_rationale_pressure,S4,25,37.92739597,37.07899103,80
evidence_false_rationale_pressure,S4,26,42.61900518,41.60767225,80
evidence_false_rationale_pressure,S4,27,46.43177023,45.39481622,80
evidence_false_rationale_pressure,S4,28,49.85415520,48.14932073,80
evidence_false_rationale_pressure,S4,29,53.03261376,51.30624729,80
evidence_false_rationale_pressure,S4,30,58.05686283,56.40755527,80
evidence_false_rationale_pressure,S4,31,63.82001967,61.32240289,80
evidence_false_rationale_pressure,S4,32,72.48337232,69.47080285,80
evidence_false_rationale_pressure,S4,33,82.36069393,78.40322387,80
evidence_false_rationale_pressure,S4,34,101.61893591,97.37906958,80
evidence_false_rationale_pressure,S4,35,47.29487116,46.27217488,80
evidence_true_belief_pressure,S0,0,0.00000000,0.00000000,80
evidence_true_belief_pressure,S0,1,0.00000000,0.00000000,80
evidence_true_belief_pressure,S0,2,0.00000000,0.00000000,80
evidence_true_belief_pressure,S0,3,0.00000000,0.00000000,80
evidence_true_belief_pressure,S0,4,0.00000000,0.00000000,80
evidence_true_belief_pressure,S0,5,0.00000000,0.00000000,80
evidence_true_belief_pressure,S0,6,0.00000000,0.00000000,80
evidence_true_belief_pressure,S0,7,0.00000000,0.00000000,80
evidence_true_belief_pressure,S0,8,0.00000000,0.00000000,80
evidence_true_belief_pressure,S0,9,0.00000000,0.00000000,80
evidence_true_belief_pressure,S0,10,0.00000000,0.00000000,80
evidence_true_belief_pressure,S0,11,0.00000000,0.00000000,80
evidence_true_belief_pressure,S0,12,0.00000000,0.00000000,80
evidence_true_belief_pressure,S0,13,0.00000000,0.00000000,80
evidence_true_belief_pressure,S0,14,0.00000000,0.00000000,80
evidence_true_belief_pressure,S0,15,0.00000000,0.00000000,80
evidence_true_belief_pressure,S0,16,0.00000000,0.00000000,80
evidence_true_belief_pressure,S0,17,0.00000000,0.00000000,80
evidence_true_belief_pressure,S0,18,0.00000000,0.00000000,80
evidence_true_belief_pressure,S0,19,0.00000000,0.00000000,80
evidence_true_belief_pressure,S0,20,0.00000000,0.00000000,80
evidence_true_belief_pressure,S0,21,0.00000000,0.00000000,80
evidence_true_belief_pressure,S0,22,0.00000000,0.00000000,80
evidence_true_belief_pressure,S0,23,0.00000000,0.00000000,80
evidence_true_belief_pressure,S0,24,0.00000000,0.00000000,80
evidence_true_belief_pressure,S0,25,0.00000000,0.00000000,80
evidence_true_belief_pressure,S0,26,0.00000000,0.00000000,80
evidence_true_belief_pressure,S0,27,0.00000000,0.00000000,80
evidence_true_belief_pressure,S0,28,0.00000000,0.00000000,80
evidence_true_belief_pressure,S0,29,0.00000000,0.00000000,80
evidence_true_belief_pressure,S0,30,0.00000000,0.00000000,80
evidence_true_belief_pressure,S0,31,0.00000000,0.00000000,80
evidence_true_belief_pressure,S0,32,0.00000000,0.00000000,80
evidence_true_belief_pressure,S0,33,0.00000000,0.00000000,80
evidence_true_belief_pressure,S0,34,0.00000000,0.00000000,80
evidence_true_belief_pressure,S0,35,0.00000000,0.00000000,80
evidence_true_belief_pressure,S1,0,0.00000000,0.00000000,80
evidence_true_belief_pressure,S1,1,0.00000000,0.00000000,80
evidence_true_belief_pressure,S1,2,0.00000000,0.00000000,80
evidence_true_belief_pressure,S1,3,0.00000000,0.00000000,80
evidence_true_belief_pressure,S1,4,0.00000000,0.00000000,80
evidence_true_belief_pressure,S1,5,0.00000000,0.00000000,80
evidence_true_belief_pressure,S1,6,0.00000000,0.00000000,80
evidence_true_belief_pressure,S1,7,0.00000000,0.00000000,80
evidence_true_belief_pressure,S1,8,0.00000000,0.00000000,80
evidence_true_belief_pressure,S1,9,0.00000000,0.00000000,80
evidence_true_belief_pressure,S1,10,0.00000000,0.00000000,80
evidence_true_belief_pressure,S1,11,0.00000000,0.00000000,80
evidence_true_belief_pressure,S1,12,0.00000000,0.00000000,80
evidence_true_belief_pressure,S1,13,0.00000000,0.00000000,80
evidence_true_belief_pressure,S1,14,0.00000000,0.00000000,80
evidence_true_belief_pressure,S1,15,0.00000000,0.00000000,80
evidence_true_belief_pressure,S1,16,0.00000000,0.00000000,80
evidence_true_belief_pressure,S1,17,0.00000000,0.00000000,80
evidence_true_belief_pressure,S1,18,0.00000000,0.00000000,80
evidence_true_belief_pressure,S1,19,0.00000000,0.00000000,80
evidence_true_belief_pressure,S1,20,0.00000000,0.00000000,80
evidence_true_belief_pressure,S1,21,0.00000000,0.00000000,80
evidence_true_belief_pressure,S1,22,0.00000000,0.00000000,80
evidence_true_belief_pressure,S1,23,0.00000000,0.00000000,80
evidence_true_belief_pressure,S1,24,0.00000000,0.00000000,80
evidence_true_belief_pressure,S1,25,0.00000000,0.00000000,80
evidence_true_belief_pressure,S1,26,0.00000000,0.00000000,80
evidence_true_belief_pressure,S1,27,0.00000000,0.00000000,80
evidence_true_belief_pressure,S1,28,0.00000000,0.00000000,80
evidence_true_belief_pressure,S1,29,0.00000000,0.00000000,80
evidence_true_belief_pressure,S1,30,0.00000000,0.00000000,80
evidence_true_belief_pressure,S1,31,0.00000000,0.00000000,80
evidence_true_belief_pressure,S1,32,0.00000000,0.00000000,80
evidence_true_belief_pressure,S1,33,0.00000000,0.00000000,80
evidence_true_belief_pressure,S1,34,0.00000000,0.00000000,80
evidence_true_belief_pressure,S1,35,0.00000000,0.00000000,80
evidence_true_belief_pressure,S2,0,0.00000000,0.00000000,80
evidence_true_belief_pressure,S2,1,0.00000000,0.00000000,80
evidence_true_belief_pressure,S2,2,0.00000000,0.00000000,80
evidence_true_belief_pressure,S2,3,0.00000000,0.00000000,80
evidence_true_belief_pressure,S2,4,0.00000000,0.00000000,80
evidence_true_belief_pressure,S2,5,0.00000000,0.00000000,80
evidence_true_belief_pressure,S2,6,0.00000000,0.00000000,80
evidence_true_belief_pressure,S2,7,0.00000000,0.00000000,80
evidence_true_belief_pressure,S2,8,0.00000000,0.00000000,80
evidence_true_belief_pressure,S2,9,0.00000000,0.00000000,80
evidence_true_belief_pressure,S2,10,0.00000000,0.00000000,80
evidence_true_belief_pressure,S2,11,0.00000000,0.00000000,80
evidence_true_belief_pressure,S2,12,0.00000000,0.00000000,80
evidence_true_belief_pressure,S2,13,0.00000000,0.00000000,80
evidence_true_belief_pressure,S2,14,0.00000000,0.00000000,80
evidence_true_belief_pressure,S2,15,0.00000000,0.00000000,80
evidence_true_belief_pressure,S2,16,0.00000000,0.00000000,80
evidence_true_belief_pressure,S2,17,0.00000000,0.00000000,80
evidence_true_belief_pressure,S2,18,0.00000000,0.00000000,80
evidence_true_belief_pressure,S2,19,0.00000000,0.00000000,80
evidence_true_belief_pressure,S2,20,0.00000000,0.00000000,80
evidence_true_belief_pressure,S2,21,0.00000000,0.00000000,80
evidence_true_belief_pressure,S2,22,0.00000000,0.00000000,80
evidence_true_belief_pressure,S2,23,0.00000000,0.00000000,80
evidence_true_belief_pressure,S2,24,0.00000000,0.00000000,80
evidence_true_belief_pressure,S2,25,0.00000000,0.00000000,80
evidence_true_belief_pressure,S2,26,0.00000000,0.00000000,80
evidence_true_belief_pressure,S2,27,0.00000000,0.00000000,80
evidence_true_belief_pressure,S2,28,0.00000000,0.00000000,80
evidence_true_belief_pressure,S2,29,0.00000000,0.00000000,80
evidence_true_belief_pressure,S2,30,0.00000000,0.00000000,80
evidence_true_belief_pressure,S2,31,0.00000000,0.00000000,80
evidence_true_belief_pressure,S2,32,0.00000000,0.00000000,80
evidence_true_belief_pressure,S2,33,0.00000000,0.00000000,80
evidence_true_belief_pressure,S2,34,0.00000000,0.00000000,80
evidence_true_belief_pressure,S2,35,0.00000000,0.00000000,80
evidence_true_belief_pressure,S3,0,2.67239129,2.66865445,80
evidence_true_belief_pressure,S3,1,3.15604794,3.15293041,80
evidence_true_belief_pressure,S3,2,4.16816061,4.16290391,80
evidence_true_belief_pressure,S3,3,5.41432516,5.41410066,80
evidence_true_belief_pressure,S3,4,6.62856576,6.63056977,80
evidence_true_belief_pressure,S3,5,8.77981234,8.75844335,80
evidence_true_belief_pressure,S3,6,13.43702353,13.43259506,80
evidence_true_belief_pressure,S3,7,15.57840979,15.56326834,80
evidence_true_belief_pressure,S3,8,22.05027048,22.04257071,80
evidence_true_belief_pressure,S3,9,20.75243610,20.74296657,80
evidence_true_belief_pressure,S3,10,21.59192692,21.59750061,80
evidence_true_belief_pressure,S3,11,23.28109417,23.25432112,80
evidence_true_belief_pressure,S3,12,25.56147278,25.53520143,80
evidence_true_belief_pressure,S3,13,25.57953814,25.59435050,80
evidence_true_belief_pressure,S3,14,25.31814701,25.32346285,80
evidence_true_belief_pressure,S3,15,27.22179261,27.16644086,80
evidence_true_belief_pressure,S3,16,27.68205597,27.61545034,80
evidence_true_belief_pressure,S3,17,31.50504708,31.42536549,80
evidence_true_belief_pressure,S3,18,31.96742257,31.90209727,80
evidence_true_belief_pressure,S3,19,38.99503007,38.96933648,80
evidence_true_belief_pressure,S3,20,42.90512140,42.78620345,80
evidence_true_belief_pressure,S3,21,46.34121088,46.22102822,80
evidence_true_belief_pressure,S3,22,49.69094339,49.59759727,80
evidence_true_belief_pressure,S3,23,57.83113610,57.60489276,80
evidence_true_belief_pressure,S3,24,68.54008841,68.35967270,80
evidence_true_belief_pressure,S3,25,79.39695752,78.73542707,80
evidence_true_belief_pressure,S3,26,88.11155196,87.38556160,80
evidence_true_belief_pressure,S3,27,104.66277596,103.83372863,80
evidence_true_belief_pressure,S3,28,122.56297586,121.90462085,80
evidence_true_belief_pressure,S3,29,144.46026425,143.31673567,80
evidence_true_belief_pressure,S3,30,173.10221357,172.70502604,80
evidence_true_belief_pressure,S3,31,198.26305145,197.99604734,80
evidence_true_belief_pressure,S3,32,219.81356899,219.93361579,80
evidence_true_belief_pressure,S3,33,237.51086897,236.56776029,80
evidence_true_belief_pressure,S3,34,258.58119150,257.51063499,80
evidence_true_belief_pressure,S3,35,109.29401404,109.00567729,80
evidence_true_belief_pressure,S4,0,0.21870243,0.20983576,80
evidence_true_belief_pressure,S4,1,0.39600668,0.39425712,80
evidence_true_belief_pressure,S4,2,0.71278680,0.70754085,80
evidence_true_belief_pressure,S4,3,1.43435671,1.43793410,80
evidence_true_belief_pressure,S4,4,1.88344215,1.88950475,80
evidence_true_belief_pressure,S4,5,2.35044863,2.37553611,80
evidence_true_belief_pressure,S4,6,3.28306679,3.29353607,80
evidence_true_belief_pressure,S4,7,4.21115567,4.21870198,80
evidence_true_belief_pressure,S4,8,5.44629279,5.47716776,80
evidence_true_belief_pressure,S4,9,5.69390128,5.72671425,80
evidence_true_belief_pressure,S4,10,6.30138766,6.31800422,80
evidence_true_belief_pressure,S4,11,6.02530314,6.05404906,80
evidence_true_belief_pressure,S4,12,7.39339523,7.40064465,80
evidence_true_belief_pressure,S4,13,8.28055757,8.27201653,80
evidence_true_belief_pressure,S4,14,8.09464473,8.09559620,80
evidence_true_belief_pressure,S4,15,9.03103923,9.00586950,80
evidence_true_belief_pressure,S4,16,9.46175268,9.41925207,80
evidence_true_belief_pressure,S4,17,9.97773103,9.92048632,80
evidence_true_belief_pressure,S4,18,12.93890632,12.85967249,80
evidence_true_belief_pressure,S4,19,16.92323136,17.00135039,80
evidence_true_belief_pressure,S4,20,20.33281382,20.25824061,80
evidence_true_belief_pressure,S4,21,22.29806758,22.23273528,80
evidence_true_belief_pressure,S4,22,21.81014286,21.62546501,80
evidence_true_belief_pressure,S4,23,27.15848782,27.04879642,80
evidence_true_belief_pressure,S4,24,32.76598668,32.74089761,80
evidence_true_belief_pressure,S4,25,33.61785692,33.41863474,80
evidence_true_belief_pressure,S4,26,37.32003589,37.09046614,80
evidence_true_belief_pressure,S4,27,41.02391036,40.87081433,80
evidence_true_belief_pressure,S4,28,43.75189053,43.45074064,80
evidence_true_belief_pressure,S4,29,46.55626200,45.81239714,80
evidence_true_belief_pressure,S4,30,51.48159705,50.64971245,80
evidence_true_belief_pressure,S4,31,56.38601265,55.56545432,80
evidence_true_belief_pressure,S4,32,63.58608716,62.75127804,80
evidence_true_belief_pressure,S4,33,71.35375306,70.28649021,80
evidence_true_belief_pressure,S4,34,88.09018210,87.62055885,80
evidence_true_belief_pressure,S4,35,47.84192605,45.75813089,80
evidence_true_rationale_pressure,S0,0,0.00000000,0.00000000,80
evidence_true_rationale_pressure,S0,1,0.00000000,0.00000000,80
evidence_true_rationale_pressure,S0,2,0.00000000,0.00000000,80
evidence_true_rationale_pressure,S0,3,0.00000000,0.00000000,80
evidence_true_rationale_pressure,S0,4,0.00000000,0.00000000,80
evidence_true_rationale_pressure,S0,5,0.00000000,0.00000000,80
evidence_true_rationale_pressure,S0,6,0.00000000,0.00000000,80
evidence_true_rationale_pressure,S0,7,0.00000000,0.00000000,80
evidence_true_rationale_pressure,S0,8,0.00000000,0.00000000,80
evidence_true_rationale_pressure,S0,9,0.00000000,0.00000000,80
evidence_true_rationale_pressure,S0,10,0.00000000,0.00000000,80
evidence_true_rationale_pressure,S0,11,0.00000000,0.00000000,80
evidence_true_rationale_pressure,S0,12,0.00000000,0.00000000,80
evidence_true_rationale_pressure,S0,13,0.00000000,0.00000000,80
evidence_true_rationale_pressure,S0,14,0.00000000,0.00000000,80
evidence_true_rationale_pressure,S0,15,0.00000000,0.00000000,80
evidence_true_rationale_pressure,S0,16,0.00000000,0.00000000,80
evidence_true_rationale_pressure,S0,17,0.00000000,0.00000000,80
evidence_true_rationale_pressure,S0,18,0.00000000,0.00000000,80
evidence_true_rationale_pressure,S0,19,0.00000000,0.00000000,80
evidence_true_rationale_pressure,S0,20,0.00000000,0.00000000,80
evidence_true_rationale_pressure,S0,21,0.00000000,0.00000000,80
evidence_true_rationale_pressure,S0,22,0.00000000,0.00000000,80
evidence_true_rationale_pressure,S0,23,0.00000000,0.00000000,80
evidence_true_rationale_pressure,S0,24,0.00000000,0.00000000,80
evidence_true_rationale_pressure,S0,25,0.00000000,0.00000000,80
evidence_true_rationale_pressure,S0,26,0.00000000,0.00000000,80
evidence_true_rationale_pressure,S0,27,0.00000000,0.00000000,80
evidence_true_rationale_pressure,S0,28,0.00000000,0.00000000,80
evidence_true_rationale_pressure,S0,29,0.00000000,0.00000000,80
evidence_true_rationale_pressure,S0,30,0.00000000,0.00000000,80
evidence_true_rationale_pressure,S0,31,0.00000000,0.00000000,80
evidence_true_rationale_pressure,S0,32,0.00000000,0.00000000,80
evidence_true_rationale_pressure,S0,33,0.00000000,0.00000000,80
evidence_true_rationale_pressure,S0,34,0.00000000,0.00000000,80
evidence_true_rationale_pressure,S0,35,0.00000000,0.00000000,80
evidence_true_rationale_pressure,S1,0,0.00000000,0.00000000,80
evidence_true_rationale_pressure,S1,1,0.00000000,0.00000000,80
evidence_true_rationale_pressure,S1,2,0.00000000,0.00000000,80
evidence_true_rationale_pressure,S1,3,0.00000000,0.00000000,80
evidence_true_rationale_pressure,S1,4,0.00000000,0.00000000,80
evidence_true_rationale_pressure,S1,5,0.00000000,0.00000000,80
evidence_true_rationale_pressure,S1,6,0.00000000,0.00000000,80
evidence_true_rationale_pressure,S1,7,0.00000000,0.00000000,80
evidence_true_rationale_pressure,S1,8,0.00000000,0.00000000,80
evidence_true_rationale_pressure,S1,9,0.00000000,0.00000000,80
evidence_true_rationale_pressure,S1,10,0.00000000,0.00000000,80
evidence_true_rationale_pressure,S1,11,0.00000000,0.00000000,80
evidence_true_rationale_pressure,S1,12,0.00000000,0.00000000,80
evidence_true_rationale_pressure,S1,13,0.00000000,0.00000000,80
evidence_true_rationale_pressure,S1,14,0.00000000,0.00000000,80
evidence_true_rationale_pressure,S1,15,0.00000000,0.00000000,80
evidence_true_rationale_pressure,S1,16,0.00000000,0.00000000,80
evidence_true_rationale_pressure,S1,17,0.00000000,0.00000000,80
evidence_true_rationale_pressure,S1,18,0.00000000,0.00000000,80
evidence_true_rationale_pressure,S1,19,0.00000000,0.00000000,80
evidence_true_rationale_pressure,S1,20,0.00000000,0.00000000,80
evidence_true_rationale_pressure,S1,21,0.00000000,0.00000000,80
evidence_true_rationale_pressure,S1,22,0.00000000,0.00000000,80
evidence_true_rationale_pressure,S1,23,0.00000000,0.00000000,80
evidence_true_rationale_pressure,S1,24,0.00000000,0.00000000,80
evidence_true_rationale_pressure,S1,25,0.00000000,0.00000000,80
evidence_true_rationale_pressure,S1,26,0.00000000,0.00000000,80
evidence_true_rationale_pressure,S1,27,0.00000000,0.00000000,80
evidence_true_rationale_pressure,S1,28,0.00000000,0.00000000,80
evidence_true_rationale_pressure,S1,29,0.00000000,0.00000000,80
evidence_true_rationale_pressure,S1,30,0.00000000,0.00000000,80
evidence_true_rationale_pressure,S1,31,0.00000000,0.00000000,80
evidence_true_rationale_pressure,S1,32,0.00000000,0.00000000,80
evidence_true_rationale_pressure,S1,33,0.00000000,0.00000000,80
evidence_true_rationale_pressure,S1,34,0.00000000,0.00000000,80
evidence_true_rationale_pressure,S1,35,0.00000000,0.00000000,80
evidence_true_rationale_pressure,S2,0,0.00000000,0.00000000,80
evidence_true_rationale_pressure,S2,1,0.00000000,0.00000000,80
evidence_true_rationale_pressure,S2,2,0.00000000,0.00000000,80
evidence_true_rationale_pressure,S2,3,0.00000000,0.00000000,80
evidence_true_rationale_pressure,S2,4,0.00000000,0.00000000,80
evidence_true_rationale_pressure,S2,5,0.00000000,0.00000000,80
evidence_true_rationale_pressure,S2,6,0.00000000,0.00000000,80
evidence_true_rationale_pressure,S2,7,0.00000000,0.00000000,80
evidence_true_rationale_pressure,S2,8,0.00000000,0.00000000,80
evidence_true_rationale_pressure,S2,9,0.00000000,0.00000000,80
evidence_true_rationale_pressure,S2,10,0.00000000,0.00000000,80
evidence_true_rationale_pressure,S2,11,0.00000000,0.00000000,80
evidence_true_rationale_pressure,S2,12,0.00000000,0.00000000,80
evidence_true_rationale_pressure,S2,13,0.00000000,0.00000000,80
evidence_true_rationale_pressure,S2,14,0.00000000,0.00000000,80
evidence_true_rationale_pressure,S2,15,0.00000000,0.00000000,80
evidence_true_rationale_pressure,S2,16,0.00000000,0.00000000,80
evidence_true_rationale_pressure,S2,17,0.00000000,0.00000000,80
evidence_true_rationale_pressure,S2,18,0.00000000,0.00000000,80
evidence_true_rationale_pressure,S2,19,0.00000000,0.00000000,80
evidence_true_rationale_pressure,S2,20,0.00000000,0.00000000,80
evidence_true_rationale_pressure,S2,21,0.00000000,0.00000000,80
evidence_true_rationale_pressure,S2,22,0.00000000,0.00000000,80
evidence_true_rationale_pressure,S2,23,0.00000000,0.00000000,80
evidence_true_rationale_pressure,S2,24,0.00000000,0.00000000,80
evidence_true_rationale_pressure,S2,25,0.00000000,0.00000000,80
evidence_true_rationale_pressure,S2,26,0.00000000,0.00000000,80
evidence_true_rationale_pressure,S2,27,0.00000000,0.00000000,80
evidence_true_rationale_pressure,S2,28,0.00000000,0.00000000,80
evidence_true_rationale_pressure,S2,29,0.00000000,0.00000000,80
evidence_true_rationale_pressure,S2,30,0.00000000,0.00000000,80
evidence_true_rationale_pressure,S2,31,0.00000000,0.00000000,80
evidence_true_rationale_pressure,S2,32,0.00000000,0.00000000,80
evidence_true_rationale_pressure,S2,33,0.00000000,0.00000000,80
evidence_true_rationale_pressure,S2,34,0.00000000,0.00000000,80
evidence_true_rationale_pressure,S2,35,0.00000000,0.00000000,80
evidence_true_rationale_pressure,S3,0,2.72114440,2.71675533,80
evidence_true_rationale_pressure,S3,1,3.29453061,3.28744170,80
evidence_true_rationale_pressure,S3,2,4.34168761,4.34119130,80
evidence_true_rationale_pressure,S3,3,5.55206054,5.53630413,80
evidence_true_rationale_pressure,S3,4,6.72351274,6.72943271,80
evidence_true_rationale_pressure,S3,5,8.95388259,8.93737564,80
evidence_true_rationale_pressure,S3,6,13.50580616,13.46577496,80
evidence_true_rationale_pressure,S3,7,16.22655730,16.22229652,80
evidence_true_rationale_pressure,S3,8,22.64202531,22.64576887,80
evidence_true_rationale_pressure,S3,9,21.23575162,21.28232604,80
evidence_true_rationale_pressure,S3,10,22.55985421,22.57135733,80
evidence_true_rationale_pressure,S3,11,23.61364184,23.64511545,80
evidence_true_rationale_pressure,S3,12,24.58880450,24.52750349,80
evidence_true_rationale_pressure,S3,13,24.35050450,24.33702063,80
evidence_true_rationale_pressure,S3,14,24.62921127,24.65543488,80
evidence_true_rationale_pressure,S3,15,26.20628252,26.21762785,80
evidence_true_rationale_pressure,S3,16,26.83609586,26.85094830,80
evidence_true_rationale_pressure,S3,17,31.03391828,30.98670689,80
evidence_true_rationale_pressure,S3,18,31.43873769,31.49395982,80
evidence_true_rationale_pressure,S3,19,38.36066928,38.27515958,80
evidence_true_rationale_pressure,S3,20,42.57581961,42.36671560,80
evidence_true_rationale_pressure,S3,21,45.99893173,45.87073542,80
evidence_true_rationale_pressure,S3,22,49.59770746,49.56134537,80
evidence_true_rationale_pressure,S3,23,57.93564670,57.64065369,80
evidence_true_rationale_pressure,S3,24,67.84410539,67.37854257,80
evidence_true_rationale_pressure,S3,25,78.29231770,77.63090216,80
evidence_true_rationale_pressure,S3,26,87.79330279,86.67566297,80
evidence_true_rationale_pressure,S3,27,104.99103409,104.11630165,80
evidence_true_rationale_pressure,S3,28,123.64812610,122.78592697,80
evidence_true_rationale_pressure,S3,29,144.14805050,142.04870644,80
evidence_true_rationale_pressure,S3,30,171.60958141,170.89264106,80
evidence_true_rationale_pressure,S3,31,195.07094700,194.44603284,80
evidence_true_rationale_pressure,S3,32,216.65477339,215.69025063,80
evidence_true_rationale_pressure,S3,33,234.56904381,232.84290609,80
evidence_true_rationale_pressure,S3,34,254.23684619,251.86630820,80
evidence_true_rationale_pressure,S3,35,108.04581995,107.50825565,80
evidence_true_rationale_pressure,S4,0,0.59734588,0.34430837,80
evidence_true_rationale_pressure,S4,1,0.76148044,0.54647587,80
evidence_true_rationale_pressure,S4,2,1.03467588,0.89004115,80
evidence_true_rationale_pressure,S4,3,1.61210528,1.52794385,80
evidence_true_rationale_pressure,S4,4,2.09209263,2.02787062,80
evidence_true_rationale_pressure,S4,5,2.71602328,2.70260798,80
evidence_true_rationale_pressure,S4,6,3.64926050,3.66131779,80
evidence_true_rationale_pressure,S4,7,4.55434734,4.55816546,80
evidence_true_rationale_pressure,S4,8,6.02679623,6.05846634,80
evidence_true_rationale_pressure,S4,9,6.31759748,6.32849067,80
evidence_true_rationale_pressure,S4,10,6.58293174,6.59220829,80
evidence_true_rationale_pressure,S4,11,6.16805804,6.15042644,80
evidence_true_rationale_pressure,S4,12,7.32955938,7.30680758,80
evidence_true_rationale_pressure,S4,13,8.06173107,8.04706490,80
evidence_true_rationale_pressure,S4,14,7.87935732,7.89872762,80
evidence_true_rationale_pressure,S4,15,8.88572660,8.86922499,80
evidence_true_rationale_pressure,S4,16,9.36564152,9.33342338,80
evidence_true_rationale_pressure,S4,17,9.99381298,9.93339497,80
evidence_true_rationale_pressure,S4,18,12.78508733,12.78885456,80
evidence_true_rationale_pressure,S4,19,17.29173118,17.14733385,80
evidence_true_rationale_pressure,S4,20,20.70825777,20.70514568,80
evidence_true_rationale_pressure,S4,21,22.98046411,23.05529618,80
evidence_true_rationale_pressure,S4,22,22.52002288,22.22415590,80
evidence_true_rationale_pressure,S4,23,28.12897538,27.60942341,80
evidence_true_rationale_pressure,S4,24,33.47700605,32.65118360,80
evidence_true_rationale_pressure,S4,25,34.90442241,34.14204982,80
evidence_true_rationale_pressure,S4,26,38.83210042,37.80836597,80
evidence_true_rationale_pressure,S4,27,42.75939159,41.87361877,80
evidence_true_rationale_pressure,S4,28,46.00097179,45.06117704,80
evidence_true_rationale_pressure,S4,29,48.86187407,47.55385772,80
evidence_true_rationale_pressure,S4,30,54.10043579,52.57348823,80
evidence_true_rationale_pressure,S4,31,59.70438446,57.88968103,80
evidence_true_rationale_pressure,S4,32,66.91300759,64.74223021,80
evidence_true_rationale_pressure,S4,33,75.58993489,72.52583008,80
evidence_true_rationale_pressure,S4,34,93.92849545,91.54506207,80
evidence_true_rationale_pressure,S4,35,47.60117747,46.50753077,80
