condition,subset_type,layer,patch_type,n,mean_effect,median_effect,std_effect,num_effects_in_predicted_direction,fraction_effects_in_predicted_direction
closed_context_false_belief_pressure,control,8,rescue,7,+0.304261,+0.263521,0.076201,7,1.0000
closed_context_false_belief_pressure,control,8,transfer,7,-0.106093,-0.085409,0.068316,7,1.0000
closed_context_false_belief_pressure,control,20,rescue,7,+0.115599,+0.127781,0.555859,4,0.5714
closed_context_false_belief_pressure,control,20,transfer,7,-0.685903,-0.749346,0.196847,7,1.0000
closed_context_false_belief_pressure,control,28,rescue,7,-0.924323,-0.643568,1.048397,1,0.1429
closed_context_false_belief_pressure,control,28,transfer,7,-0.027577,-0.101521,0.561903,6,0.8571
closed_context_false_belief_pressure,control,30,rescue,7,-0.400053,-0.303753,0.878931,3,0.4286
closed_context_false_belief_pressure,control,30,transfer,7,-0.285101,-0.412430,0.531557,6,0.8571
closed_context_false_belief_pressure,control,32,rescue,7,+0.865322,+0.989162,0.902730,6,0.8571
closed_context_false_belief_pressure,control,32,transfer,7,-1.052645,-1.217113,0.623171,6,0.8571
closed_context_false_belief_pressure,control,34,rescue,7,+1.270257,+1.482027,0.970710,6,0.8571
closed_context_false_belief_pressure,control,34,transfer,7,-1.592168,-1.752884,0.754631,7,1.0000
closed_context_false_belief_pressure,control,35,rescue,7,-6.805299,-6.534241,0.835692,0,0.0000
closed_context_false_belief_pressure,control,35,transfer,7,-5.511103,-5.823418,0.875266,7,1.0000
closed_context_false_belief_pressure,degraded,8,rescue,12,+0.281059,+0.313187,0.151900,11,0.9167
closed_context_false_belief_pressure,degraded,8,transfer,12,-0.167416,-0.169575,0.059709,12,1.0000
closed_context_false_belief_pressure,degraded,20,rescue,12,+1.142700,+0.682972,1.634192,11,0.9167
closed_context_false_belief_pressure,degraded,20,transfer,12,-1.631348,-1.835736,0.607189,12,1.0000
closed_context_false_belief_pressure,degraded,28,rescue,12,+3.061747,+1.935172,2.390547,12,1.0000
closed_context_false_belief_pressure,degraded,28,transfer,12,-3.280222,-2.428191,2.027459,12,1.0000
closed_context_false_belief_pressure,degraded,30,rescue,12,+3.727302,+2.628184,2.333605,12,1.0000
closed_context_false_belief_pressure,degraded,30,transfer,12,-3.751773,-2.635137,2.224430,12,1.0000
closed_context_false_belief_pressure,degraded,32,rescue,12,+4.871064,+3.995007,2.119496,12,1.0000
closed_context_false_belief_pressure,degraded,32,transfer,12,-4.618675,-3.680174,2.026607,12,1.0000
closed_context_false_belief_pressure,degraded,34,rescue,12,+5.826496,+5.068572,2.090073,12,1.0000
closed_context_false_belief_pressure,degraded,34,transfer,12,-5.300719,-4.545683,1.799846,12,1.0000
closed_context_false_belief_pressure,degraded,35,rescue,12,-1.305404,-2.489714,2.637612,2,0.1667
closed_context_false_belief_pressure,degraded,35,transfer,12,-9.040457,-8.824649,1.375724,12,1.0000
evidence_emotional_pressure,control,8,rescue,12,-0.105119,-0.090754,0.052944,0,0.0000
evidence_emotional_pressure,control,8,transfer,12,+0.123287,+0.120817,0.047932,0,0.0000
evidence_emotional_pressure,control,20,rescue,12,+0.400021,+0.356724,0.503433,10,0.8333
evidence_emotional_pressure,control,20,transfer,12,-0.699512,-0.737985,0.389333,11,0.9167
evidence_emotional_pressure,control,28,rescue,12,+0.839038,+0.991914,0.629895,10,0.8333
evidence_emotional_pressure,control,28,transfer,12,-0.828475,-0.725611,0.395243,12,1.0000
evidence_emotional_pressure,control,30,rescue,12,+1.087111,+1.085021,0.554548,12,1.0000
evidence_emotional_pressure,control,30,transfer,12,-0.932203,-0.787426,0.389344,12,1.0000
evidence_emotional_pressure,control,32,rescue,12,+1.438438,+1.412660,0.561596,12,1.0000
evidence_emotional_pressure,control,32,transfer,12,-1.235437,-1.198933,0.430854,12,1.0000
evidence_emotional_pressure,control,34,rescue,12,+1.575576,+1.567127,0.661771,12,1.0000
evidence_emotional_pressure,control,34,transfer,12,-1.774578,-1.733550,0.519358,12,1.0000
evidence_emotional_pressure,control,35,rescue,12,-6.731622,-6.548405,0.689892,0,0.0000
evidence_emotional_pressure,control,35,transfer,12,-6.272273,-6.453482,0.651715,12,1.0000
evidence_emotional_pressure,degraded,8,rescue,12,-0.099910,-0.100238,0.041870,0,0.0000
evidence_emotional_pressure,degraded,8,transfer,12,+0.116914,+0.129190,0.031855,0,0.0000
evidence_emotional_pressure,degraded,20,rescue,12,+0.982081,+0.989602,1.029267,11,0.9167
evidence_emotional_pressure,degraded,20,transfer,12,-1.423132,-1.404924,0.584278,12,1.0000
evidence_emotional_pressure,degraded,28,rescue,12,+3.096403,+3.129428,1.036276,12,1.0000
evidence_emotional_pressure,degraded,28,transfer,12,-2.753998,-2.540609,1.040480,12,1.0000
evidence_emotional_pressure,degraded,30,rescue,12,+3.337556,+3.261545,1.061952,12,1.0000
evidence_emotional_pressure,degraded,30,transfer,12,-2.912062,-2.670333,1.150774,12,1.0000
evidence_emotional_pressure,degraded,32,rescue,12,+3.638628,+3.686166,1.050694,12,1.0000
evidence_emotional_pressure,degraded,32,transfer,12,-3.254240,-3.157665,1.066018,12,1.0000
evidence_emotional_pressure,degraded,34,rescue,12,+4.114903,+3.982999,1.033889,12,1.0000
evidence_emotional_pressure,degraded,34,transfer,12,-3.794812,-3.782237,0.919615,12,1.0000
evidence_emotional_pressure,degraded,35,rescue,12,-3.045263,-3.526050,1.797950,1,0.0833
evidence_emotional_pressure,degraded,35,transfer,12,-8.122205,-8.251127,0.519438,12,1.0000
evidence_false_belief_pressure,control,8,rescue,12,+0.005657,+0.001148,0.036890,6,0.5000
evidence_false_belief_pressure,control,8,transfer,12,+0.110036,+0.112454,0.034563,0,0.0000
evidence_false_belief_pressure,control,20,rescue,12,-0.162826,-0.133545,0.442481,4,0.3333
evidence_false_belief_pressure,control,20,transfer,12,-0.331834,-0.510354,0.408244,10,0.8333
evidence_false_belief_pressure,control,28,rescue,12,-0.803063,-0.780796,0.579369,1,0.0833
evidence_false_belief_pressure,control,28,transfer,12,+0.421415,+0.347084,0.557990,3,0.2500
evidence_false_belief_pressure,control,30,rescue,12,-0.582654,-0.564690,0.573350,3,0.2500
evidence_false_belief_pressure,control,30,transfer,12,+0.332547,+0.247968,0.547260,3,0.2500
evidence_false_belief_pressure,control,32,rescue,12,+0.398125,+0.290829,0.527900,10,0.8333
evidence_false_belief_pressure,control,32,transfer,12,-0.418528,-0.339711,0.460532,10,0.8333
evidence_false_belief_pressure,control,34,rescue,12,+0.954172,+0.746942,0.448011,12,1.0000
evidence_false_belief_pressure,control,34,transfer,12,-1.129620,-0.943938,0.436286,12,1.0000
evidence_false_belief_pressure,control,35,rescue,12,-6.381892,-6.408146,0.495448,0,0.0000
evidence_false_belief_pressure,control,35,transfer,12,-5.766969,-5.735172,0.289897,12,1.0000
evidence_false_belief_pressure,degraded,8,rescue,12,+0.044403,+0.036528,0.094724,9,0.7500
evidence_false_belief_pressure,degraded,8,transfer,12,+0.081311,+0.076185,0.036821,0,0.0000
evidence_false_belief_pressure,degraded,20,rescue,12,+0.477979,+0.343755,0.873779,8,0.6667
evidence_false_belief_pressure,degraded,20,transfer,12,-0.839005,-0.814941,0.377816,12,1.0000
evidence_false_belief_pressure,degraded,28,rescue,12,+0.943610,+0.693799,1.219051,10,0.8333
evidence_false_belief_pressure,degraded,28,transfer,12,-1.256463,-0.972430,0.990533,12,1.0000
evidence_false_belief_pressure,degraded,30,rescue,12,+1.270185,+0.969893,1.120966,12,1.0000
evidence_false_belief_pressure,degraded,30,transfer,12,-1.459705,-1.110316,1.046453,12,1.0000
evidence_false_belief_pressure,degraded,32,rescue,12,+2.250817,+1.984008,1.046910,12,1.0000
evidence_false_belief_pressure,degraded,32,transfer,12,-2.198034,-1.737696,1.004626,12,1.0000
evidence_false_belief_pressure,degraded,34,rescue,12,+2.996562,+2.641825,1.054457,12,1.0000
evidence_false_belief_pressure,degraded,34,transfer,12,-2.887739,-2.540571,0.994217,12,1.0000
evidence_false_belief_pressure,degraded,35,rescue,12,-4.082352,-4.125138,1.500462,0,0.0000
evidence_false_belief_pressure,degraded,35,transfer,12,-7.280066,-7.062367,1.006685,12,1.0000
