layer_index,family_id,cosine_to_all8_mean_direction,cosine_to_leave_one_out_mean_direction
0,finance_budget_007,0.8939762115478516,0.858961820602417
0,finance_coupon_006,0.8396119475364685,0.7926382422447205
0,finance_membership_008,0.9204192161560059,0.8919714689254761
0,finance_refund_005,0.897546648979187,0.8721227049827576
0,policy_lab_access_002,0.9104406237602234,0.8796699047088623
0,policy_library_checkout_003,0.9061211347579956,0.8714516162872314
0,policy_lunch_pass_001,0.9323429465293884,0.9135174751281738
0,policy_rec_center_004,0.8742075562477112,0.8274495601654053
0,__summary__,0.8968332856893539,0.8634728491306305
1,finance_budget_007,0.9550904035568237,0.942093551158905
1,finance_coupon_006,0.9434319138526917,0.9269532561302185
1,finance_membership_008,0.9606685042381287,0.9469047784805298
1,finance_refund_005,0.958260178565979,0.945580005645752
1,policy_lab_access_002,0.9572795629501343,0.9437255859375
1,policy_library_checkout_003,0.9554229974746704,0.9402960538864136
1,policy_lunch_pass_001,0.966332733631134,0.9550638198852539
1,policy_rec_center_004,0.9024189114570618,0.8744102716445923
1,__summary__,0.9498631507158279,0.9343784153461456
2,finance_budget_007,0.9652016758918762,0.9539396166801453
2,finance_coupon_006,0.956733226776123,0.9436390399932861
2,finance_membership_008,0.9463204741477966,0.9286516308784485
2,finance_refund_005,0.9593091011047363,0.9466735124588013
2,policy_lab_access_002,0.9498575925827026,0.9350940585136414
2,policy_library_checkout_003,0.9468340277671814,0.9300743937492371
2,policy_lunch_pass_001,0.972542941570282,0.9633136987686157
2,policy_rec_center_004,0.938323438167572,0.92019122838974
2,__summary__,0.9543903097510338,0.9401971474289894
3,finance_budget_007,0.9593116641044617,0.9459763169288635
3,finance_coupon_006,0.9562022686004639,0.9425773620605469
3,finance_membership_008,0.9453395009040833,0.9277768135070801
3,finance_refund_005,0.9545766115188599,0.9407551884651184
3,policy_lab_access_002,0.9397465586662292,0.9225878715515137
3,policy_library_checkout_003,0.9475588798522949,0.9300606846809387
3,policy_lunch_pass_001,0.9635498523712158,0.9515156745910645
3,policy_rec_center_004,0.9382620453834534,0.9198732972145081
3,__summary__,0.9505684226751328,0.9351404011249542
4,finance_budget_007,0.9500390887260437,0.933963418006897
4,finance_coupon_006,0.9527639746665955,0.9380590915679932
4,finance_membership_008,0.9417946934700012,0.9234328269958496
4,finance_refund_005,0.939739465713501,0.9216185808181763
4,policy_lab_access_002,0.9294639825820923,0.9082066416740417
4,policy_library_checkout_003,0.9474408030509949,0.9295696020126343
4,policy_lunch_pass_001,0.9560032486915588,0.9416687488555908
4,policy_rec_center_004,0.9354512095451355,0.9159290194511414
4,__summary__,0.9440870583057404,0.9265559911727905
5,finance_budget_007,0.9471182227134705,0.9313704967498779
5,finance_coupon_006,0.9615823030471802,0.9494772553443909
5,finance_membership_008,0.9490698575973511,0.9324233531951904
5,finance_refund_005,0.950518012046814,0.9345489144325256
5,policy_lab_access_002,0.9417591691017151,0.9248272180557251
5,policy_library_checkout_003,0.9553115963935852,0.9399343729019165
5,policy_lunch_pass_001,0.9625633955001831,0.9509379267692566
5,policy_rec_center_004,0.9396891593933105,0.9214385747909546
5,__summary__,0.9509514644742012,0.9356197640299797
6,finance_budget_007,0.9472590684890747,0.9318987131118774
6,finance_coupon_006,0.9702517986297607,0.9608408212661743
6,finance_membership_008,0.9581576585769653,0.9446353912353516
6,finance_refund_005,0.9569394588470459,0.9431542754173279
6,policy_lab_access_002,0.9435991048812866,0.9269217252731323
6,policy_library_checkout_003,0.956911563873291,0.9427000284194946
6,policy_lunch_pass_001,0.9626049995422363,0.950586199760437
6,policy_rec_center_004,0.939693808555603,0.9211397767066956
6,__summary__,0.954427182674408,0.9402346163988113
7,finance_budget_007,0.9485897421836853,0.9328962564468384
7,finance_coupon_006,0.9639308452606201,0.9528477191925049
7,finance_membership_008,0.9517740607261658,0.9362099170684814
7,finance_refund_005,0.9467064738273621,0.930305004119873
7,policy_lab_access_002,0.9251348972320557,0.9028488993644714
7,policy_library_checkout_003,0.9578391909599304,0.9442809224128723
7,policy_lunch_pass_001,0.9684785008430481,0.9581702351570129
7,policy_rec_center_004,0.9511503577232361,0.9355473518371582
7,__summary__,0.9517005085945129,0.9366382881999016
8,finance_budget_007,0.9486261606216431,0.9329543113708496
8,finance_coupon_006,0.9731261134147644,0.9644874930381775
8,finance_membership_008,0.9450099468231201,0.9268834590911865
8,finance_refund_005,0.924328088760376,0.8986014127731323
8,policy_lab_access_002,0.9369305968284607,0.9187692999839783
8,policy_library_checkout_003,0.9683821797370911,0.9586105942726135
8,policy_lunch_pass_001,0.9746030569076538,0.9667269587516785
8,policy_rec_center_004,0.9378073215484619,0.9187002778053284
8,__summary__,0.9511016830801964,0.9357167258858681
9,finance_budget_007,0.9545431137084961,0.9401994943618774
9,finance_coupon_006,0.9642263054847717,0.9526236057281494
9,finance_membership_008,0.9501375555992126,0.934224009513855
9,finance_refund_005,0.921310305595398,0.8959843516349792
9,policy_lab_access_002,0.9344339370727539,0.9150415658950806
9,policy_library_checkout_003,0.9658300280570984,0.9555464386940002
9,policy_lunch_pass_001,0.9744007587432861,0.966454267501831
9,policy_rec_center_004,0.940509557723999,0.9213300943374634
9,__summary__,0.950673945248127,0.9351754784584045
10,finance_budget_007,0.9525845646858215,0.93794846534729
10,finance_coupon_006,0.9593449234962463,0.9465318322181702
10,finance_membership_008,0.9430279731750488,0.9240826964378357
10,finance_refund_005,0.9144859910011292,0.8880205750465393
10,policy_lab_access_002,0.9340811967849731,0.9148659706115723
10,policy_library_checkout_003,0.965185821056366,0.9544493556022644
10,policy_lunch_pass_001,0.9727936387062073,0.9644082188606262
10,policy_rec_center_004,0.9354397058486938,0.9133861064910889
10,__summary__,0.9471179768443108,0.9304616525769234
11,finance_budget_007,0.951808750629425,0.9370954632759094
11,finance_coupon_006,0.9586393237113953,0.9453392028808594
11,finance_membership_008,0.940254807472229,0.9205178618431091
11,finance_refund_005,0.9132097959518433,0.8859957456588745
11,policy_lab_access_002,0.9331774115562439,0.9138191938400269
11,policy_library_checkout_003,0.9615201950073242,0.9494078755378723
11,policy_lunch_pass_001,0.9743139743804932,0.9663358926773071
11,policy_rec_center_004,0.9282031655311584,0.9043600559234619
11,__summary__,0.945140928030014,0.9278589114546776
12,finance_budget_007,0.9494549632072449,0.9332794547080994
12,finance_coupon_006,0.953816294670105,0.938113272190094
12,finance_membership_008,0.8972627520561218,0.8683987259864807
12,finance_refund_005,0.9274847507476807,0.9033899307250977
12,policy_lab_access_002,0.9409052133560181,0.9226657748222351
12,policy_library_checkout_003,0.9638336896896362,0.9522720575332642
12,policy_lunch_pass_001,0.9763540625572205,0.968940019607544
12,policy_rec_center_004,0.9119064807891846,0.8846434950828552
12,__summary__,0.9401272758841515,0.9214628413319588
13,finance_budget_007,0.9512882828712463,0.9358344078063965
13,finance_coupon_006,0.9540321826934814,0.9390174150466919
13,finance_membership_008,0.906306803226471,0.8795326948165894
13,finance_refund_005,0.9300391674041748,0.906822919845581
13,policy_lab_access_002,0.943824291229248,0.9258183240890503
13,policy_library_checkout_003,0.9646496772766113,0.9534980058670044
13,policy_lunch_pass_001,0.9748148322105408,0.9669176340103149
13,policy_rec_center_004,0.9191575646400452,0.8941457867622375
13,__summary__,0.9430141001939774,0.9251983985304832
14,finance_budget_007,0.9465619325637817,0.9297980070114136
14,finance_coupon_006,0.95179283618927,0.9358506202697754
14,finance_membership_008,0.8985602259635925,0.8702291250228882
14,finance_refund_005,0.9167007207870483,0.888938307762146
14,policy_lab_access_002,0.936593234539032,0.916001558303833
14,policy_library_checkout_003,0.9591709971427917,0.9462717771530151
14,policy_lunch_pass_001,0.970639705657959,0.9613297581672668
14,policy_rec_center_004,0.9131041765213013,0.8857839107513428
14,__summary__,0.9366404786705971,0.9167753830552101
15,finance_budget_007,0.9298446774482727,0.9071407914161682
15,finance_coupon_006,0.9321949481964111,0.910400390625
15,finance_membership_008,0.879062294960022,0.8452576994895935
15,finance_refund_005,0.9024413824081421,0.8694294095039368
15,policy_lab_access_002,0.9346278309822083,0.9125109910964966
15,policy_library_checkout_003,0.9317516088485718,0.9100192785263062
15,policy_lunch_pass_001,0.956757664680481,0.9432417154312134
15,policy_rec_center_004,0.8906288146972656,0.8556153178215027
15,__summary__,0.9196636527776718,0.8942019492387772
16,finance_budget_007,0.9105547666549683,0.8815469741821289
16,finance_coupon_006,0.9088184237480164,0.8805027604103088
16,finance_membership_008,0.8615725040435791,0.8199001550674438
16,finance_refund_005,0.8873136043548584,0.8488548994064331
16,policy_lab_access_002,0.9256553053855896,0.8998534679412842
16,policy_library_checkout_003,0.9089505076408386,0.8806160688400269
16,policy_lunch_pass_001,0.9302963614463806,0.9076229929924011
16,policy_rec_center_004,0.8015192747116089,0.7355895042419434
16,__summary__,0.89183509349823,0.8568108528852463
17,finance_budget_007,0.8889337182044983,0.8533819913864136
17,finance_coupon_006,0.8684688210487366,0.8287093639373779
17,finance_membership_008,0.78497314453125,0.7104578018188477
17,finance_refund_005,0.8510071039199829,0.7983627319335938
17,policy_lab_access_002,0.9036234617233276,0.8695392608642578
17,policy_library_checkout_003,0.869349479675293,0.8277096748352051
17,policy_lunch_pass_001,0.9088936448097229,0.8788437247276306
17,policy_rec_center_004,0.8118239641189575,0.7523764371871948
17,__summary__,0.8608841672539711,0.8149226233363152
18,finance_budget_007,0.8903331756591797,0.8560823798179626
18,finance_coupon_006,0.8622720837593079,0.8208096027374268
18,finance_membership_008,0.7853907942771912,0.7105845808982849
18,finance_refund_005,0.8561405539512634,0.8049710392951965
18,policy_lab_access_002,0.8999559879302979,0.8610929846763611
18,policy_library_checkout_003,0.8581199049949646,0.8119828701019287
18,policy_lunch_pass_001,0.9025483727455139,0.8713172674179077
18,policy_rec_center_004,0.7974954843521118,0.7373821139335632
18,__summary__,0.8565320447087288,0.809277854859829
19,finance_budget_007,0.8986196517944336,0.8667586445808411
19,finance_coupon_006,0.873781144618988,0.8348060250282288
19,finance_membership_008,0.7981723546981812,0.7307530641555786
19,finance_refund_005,0.8550222516059875,0.8049384951591492
19,policy_lab_access_002,0.8958349823951721,0.8554673194885254
19,policy_library_checkout_003,0.852226734161377,0.8018378019332886
19,policy_lunch_pass_001,0.8865965604782104,0.8508050441741943
19,policy_rec_center_004,0.7946290969848633,0.7329549789428711
19,__summary__,0.8568603470921516,0.8097901716828346
20,finance_budget_007,0.8999794721603394,0.8681632280349731
20,finance_coupon_006,0.8823125958442688,0.8450904488563538
20,finance_membership_008,0.7785101532936096,0.7042974233627319
20,finance_refund_005,0.8398462533950806,0.7866101861000061
20,policy_lab_access_002,0.8897637128829956,0.8452552556991577
20,policy_library_checkout_003,0.8374873399734497,0.778994619846344
20,policy_lunch_pass_001,0.8634071946144104,0.8206902146339417
20,policy_rec_center_004,0.7545431852340698,0.6828431487083435
20,__summary__,0.843231238424778,0.7914930656552315
21,finance_budget_007,0.9136574268341064,0.8837710618972778
21,finance_coupon_006,0.9016016721725464,0.8700809478759766
21,finance_membership_008,0.7944028377532959,0.7269163727760315
21,finance_refund_005,0.8495274782180786,0.801224946975708
21,policy_lab_access_002,0.905323326587677,0.8683914542198181
21,policy_library_checkout_003,0.7961567640304565,0.7306531071662903
21,policy_lunch_pass_001,0.8757866621017456,0.8377503156661987
21,policy_rec_center_004,0.8006553649902344,0.7374385595321655
21,__summary__,0.8546389415860176,0.8070283457636833
22,finance_budget_007,0.9028706550598145,0.8684626221656799
22,finance_coupon_006,0.8871778249740601,0.8505339622497559
22,finance_membership_008,0.7835817337036133,0.7124201059341431
22,finance_refund_005,0.8147900104522705,0.7561180591583252
22,policy_lab_access_002,0.8987594842910767,0.8596307635307312
22,policy_library_checkout_003,0.7874888777732849,0.7154073119163513
22,policy_lunch_pass_001,0.872069776058197,0.8306599855422974
22,policy_rec_center_004,0.7723875641822815,0.7041135430335999
22,__summary__,0.8398907408118248,0.7871682941913605
23,finance_budget_007,0.8878328204154968,0.848381519317627
23,finance_coupon_006,0.874565839767456,0.8348012566566467
23,finance_membership_008,0.7835355997085571,0.709466814994812
23,finance_refund_005,0.7982460856437683,0.734109103679657
23,policy_lab_access_002,0.8892759680747986,0.8468179106712341
23,policy_library_checkout_003,0.7838215827941895,0.7098917961120605
23,policy_lunch_pass_001,0.875471830368042,0.8336622714996338
23,policy_rec_center_004,0.7627755403518677,0.692278265953064
23,__summary__,0.831940658390522,0.7761761173605919
24,finance_budget_007,0.888440728187561,0.8489832878112793
24,finance_coupon_006,0.8722795844078064,0.8313280940055847
24,finance_membership_008,0.7873011231422424,0.7158756256103516
24,finance_refund_005,0.8117544651031494,0.7482490539550781
24,policy_lab_access_002,0.8760191202163696,0.8294281959533691
24,policy_library_checkout_003,0.7727664709091187,0.6976857781410217
24,policy_lunch_pass_001,0.8599215149879456,0.8131793141365051
24,policy_rec_center_004,0.769197940826416,0.699343740940094
24,__summary__,0.8297101184725761,0.7730091363191605
25,finance_budget_007,0.883848249912262,0.8416985273361206
25,finance_coupon_006,0.8614913821220398,0.8176113963127136
25,finance_membership_008,0.772602379322052,0.6962427496910095
25,finance_refund_005,0.8382429480552673,0.7826865315437317
25,policy_lab_access_002,0.8811701536178589,0.8365281224250793
25,policy_library_checkout_003,0.7829172611236572,0.7112455368041992
25,policy_lunch_pass_001,0.8652207851409912,0.8211537003517151
25,policy_rec_center_004,0.7725461721420288,0.7056060433387756
25,__summary__,0.8322549164295197,0.7765965759754181
26,finance_budget_007,0.8760709762573242,0.8310092687606812
26,finance_coupon_006,0.8645539283752441,0.8214941024780273
26,finance_membership_008,0.7684462070465088,0.6921840906143188
26,finance_refund_005,0.8245735764503479,0.7621108293533325
26,policy_lab_access_002,0.881179690361023,0.837195873260498
26,policy_library_checkout_003,0.7855055332183838,0.7155527472496033
26,policy_lunch_pass_001,0.862682044506073,0.8176064491271973
26,policy_rec_center_004,0.7806696891784668,0.715437650680542
26,__summary__,0.8304602056741714,0.774073876440525
27,finance_budget_007,0.896859347820282,0.8603681325912476
27,finance_coupon_006,0.8912835121154785,0.8579195737838745
27,finance_membership_008,0.7771912813186646,0.7102149128913879
27,finance_refund_005,0.8613695502281189,0.814030647277832
27,policy_lab_access_002,0.8868283629417419,0.8461812734603882
27,policy_library_checkout_003,0.8211076259613037,0.7631048560142517
27,policy_lunch_pass_001,0.8994868993759155,0.8652942776679993
27,policy_rec_center_004,0.8202060461044312,0.7628099322319031
27,__summary__,0.856791578233242,0.8099904507398605
