analysis_kind,metric_name,layer_index,all_8_families_mean,all_8_families_median,excluding_policy_library_checkout_003_mean,excluding_policy_library_checkout_003_median,policy_library_checkout_003_alone_mean,policy_library_checkout_003_alone_median
delta_norm,closed_context_delta,0,0.25005115382373333,0.2518690824508667,0.2459654744182314,0.24913418292999268,0.2786509096622467,0.2786509096622467
delta_norm,distractor_delta,0,0.31036123260855675,0.3030603528022766,0.31168520024844576,0.3050272464752197,0.3010934591293335,0.3010934591293335
delta_norm,emotional_pressure_delta,0,0.17872962169349194,0.17097391933202744,0.18010000245911734,0.1728108823299408,0.16913695633411407,0.16913695633411407
delta_norm,false_pressure_delta,0,0.1426587589085102,0.1471310630440712,0.1404510076556887,0.14554697275161743,0.1581130176782608,0.1581130176782608
delta_norm,true_pressure_delta,0,0.13343309797346592,0.12901738286018372,0.1350954111133303,0.1311214715242386,0.12179690599441528,0.12179690599441528
delta_norm,closed_context_delta,1,0.9490637481212616,0.9643774926662445,0.9413505622318813,0.9519641399383545,1.0030560493469238,1.0030560493469238
delta_norm,distractor_delta,1,0.6709177419543266,0.6669861376285553,0.677031397819519,0.6728581190109253,0.6281221508979797,0.6281221508979797
delta_norm,emotional_pressure_delta,1,0.5829150080680847,0.5640667974948883,0.5837289009775434,0.5626384615898132,0.5772177577018738,0.5772177577018738
delta_norm,false_pressure_delta,1,0.5535349249839783,0.5462506413459778,0.5485821451459613,0.5363255143165588,0.5882043838500977,0.5882043838500977
delta_norm,true_pressure_delta,1,0.5287933275103569,0.5248486697673798,0.532332820551736,0.5356124639511108,0.5040168762207031,0.5040168762207031
delta_norm,closed_context_delta,2,1.8692239969968796,1.9101526737213135,1.8483139617102486,1.8643361330032349,2.015594244003296,2.015594244003296
delta_norm,distractor_delta,2,1.0258575975894928,1.0139936804771423,1.034413525036403,1.0164331197738647,0.9659661054611206,0.9659661054611206
delta_norm,emotional_pressure_delta,2,1.1564950197935104,1.1636226773262024,1.1611709083829607,1.1683275699615479,1.1237637996673584,1.1237637996673584
delta_norm,false_pressure_delta,2,1.119471937417984,1.119951069355011,1.1177878890718733,1.1086418628692627,1.1312602758407593,1.1312602758407593
delta_norm,true_pressure_delta,2,1.0812889337539673,1.0713644623756409,1.0853574957166399,1.0804258584976196,1.0528090000152588,1.0528090000152588
delta_norm,closed_context_delta,3,2.5782302618026733,2.585086464881897,2.5543278626033237,2.561685800552368,2.74554705619812,2.74554705619812
delta_norm,distractor_delta,3,1.421895146369934,1.4050163626670837,1.4278169018881661,1.406663417816162,1.3804428577423096,1.3804428577423096
delta_norm,emotional_pressure_delta,3,1.702181652188301,1.6918434500694275,1.6949767555509294,1.682054042816162,1.7526159286499023,1.7526159286499023
delta_norm,false_pressure_delta,3,1.593383178114891,1.6038099527359009,1.5811122485569544,1.5770549774169922,1.6792796850204468,1.6792796850204468
delta_norm,true_pressure_delta,3,1.596045434474945,1.589840829372406,1.594372034072876,1.5719224214553833,1.6077592372894287,1.6077592372894287
delta_norm,closed_context_delta,4,2.7277603447437286,2.716251850128174,2.7071922506604875,2.6977360248565674,2.871737003326416,2.871737003326416
delta_norm,distractor_delta,4,1.5509458631277084,1.5309798121452332,1.565529499735151,1.5366843938827515,1.4488604068756104,1.4488604068756104
delta_norm,emotional_pressure_delta,4,1.750590294599533,1.739772915840149,1.7405808142253332,1.736393928527832,1.820656657218933,1.820656657218933
delta_norm,false_pressure_delta,4,1.6464576870203018,1.637451708316803,1.6316608020237513,1.6228450536727905,1.7500358819961548,1.7500358819961548
delta_norm,true_pressure_delta,4,1.6675060391426086,1.6695166230201721,1.6718316759381975,1.6803314685821533,1.6372265815734863,1.6372265815734863
delta_norm,closed_context_delta,5,3.5638294517993927,3.611994743347168,3.5410513196672713,3.5970921516418457,3.723276376724243,3.723276376724243
delta_norm,distractor_delta,5,2.2266151010990143,2.218320369720459,2.228433540889195,2.222754716873169,2.213886022567749,2.213886022567749
delta_norm,emotional_pressure_delta,5,2.413921684026718,2.3968334197998047,2.40110673223223,2.384909152984619,2.5036263465881348,2.5036263465881348
delta_norm,false_pressure_delta,5,2.356358528137207,2.335031270980835,2.330922637666975,2.3203680515289307,2.534409761428833,2.534409761428833
delta_norm,true_pressure_delta,5,2.374668300151825,2.396221399307251,2.3748298372541154,2.3972203731536865,2.373537540435791,2.373537540435791
delta_norm,closed_context_delta,6,4.945556998252869,4.939377546310425,4.947593893323626,4.947456359863281,4.931298732757568,4.931298732757568
delta_norm,distractor_delta,6,2.920008033514023,2.8884434700012207,2.927403347832816,2.902280569076538,2.8682408332824707,2.8682408332824707
delta_norm,emotional_pressure_delta,6,3.1636605262756348,3.167081117630005,3.1584291458129883,3.1420528888702393,3.20028018951416,3.20028018951416
delta_norm,false_pressure_delta,6,3.2382148802280426,3.2630800008773804,3.218787499836513,3.234156847000122,3.37420654296875,3.37420654296875
delta_norm,true_pressure_delta,6,3.3242195546627045,3.3452600240707397,3.3390049593789235,3.3514034748077393,3.22072172164917,3.22072172164917
delta_norm,closed_context_delta,7,6.813299655914307,6.786908864974976,6.8580891745431085,6.8138041496276855,6.499773025512695,6.499773025512695
delta_norm,distractor_delta,7,4.905287683010101,4.970538139343262,4.925353935786656,4.998940467834473,4.764823913574219,4.764823913574219
delta_norm,emotional_pressure_delta,7,4.195192128419876,4.2042624950408936,4.198286158697946,4.209887981414795,4.173533916473389,4.173533916473389
delta_norm,false_pressure_delta,7,4.343441486358643,4.351681232452393,4.332786696297782,4.29128360748291,4.418025016784668,4.418025016784668
delta_norm,true_pressure_delta,7,4.402019917964935,4.4338297843933105,4.42695461000715,4.463712692260742,4.227477073669434,4.227477073669434
delta_norm,closed_context_delta,8,9.328068971633911,9.309317111968994,9.378315244402204,9.334259986877441,8.97634506225586,8.97634506225586
delta_norm,distractor_delta,8,7.3296560645103455,7.376121520996094,7.321236678532192,7.36460018157959,7.388591766357422,7.388591766357422
delta_norm,emotional_pressure_delta,8,7.078713536262512,7.041743278503418,7.065843854631696,6.9970221519470215,7.168801307678223,7.168801307678223
delta_norm,false_pressure_delta,8,6.794580161571503,6.691490888595581,6.816860130855015,6.7338666915893555,6.638620376586914,6.638620376586914
delta_norm,true_pressure_delta,8,6.461045026779175,6.4962828159332275,6.497817856924875,6.503643989562988,6.203635215759277,6.203635215759277
delta_norm,closed_context_delta,9,14.838409185409546,14.791304588317871,14.876957212175641,14.874831199645996,14.568572998046875,14.568572998046875
delta_norm,distractor_delta,9,10.625479340553284,10.721291065216064,10.58621883392334,10.643477439880371,10.90030288696289,10.90030288696289
delta_norm,emotional_pressure_delta,9,10.99499499797821,10.783174991607666,10.937905447823661,10.632761001586914,11.394621849060059,11.394621849060059
delta_norm,false_pressure_delta,9,10.481949925422668,10.567935943603516,10.546269416809082,10.631861686706543,10.031713485717773,10.031713485717773
delta_norm,true_pressure_delta,9,10.044339895248413,10.041524410247803,10.119048936026436,10.200586318969727,9.521376609802246,9.521376609802246
delta_norm,closed_context_delta,10,19.48689365386963,19.38117504119873,19.504500525338308,19.398704528808594,19.363645553588867,19.363645553588867
delta_norm,distractor_delta,10,13.838595509529114,13.861447811126709,13.754326956612724,13.857171058654785,14.428475379943848,14.428475379943848
delta_norm,emotional_pressure_delta,10,13.424495100975037,13.435582637786865,13.340417725699288,13.307563781738281,14.013036727905273,14.013036727905273
delta_norm,false_pressure_delta,10,12.990699529647827,12.83461856842041,13.040460177830287,12.917197227478027,12.642374992370605,12.642374992370605
delta_norm,true_pressure_delta,10,12.529494047164917,12.368087768554688,12.599534579685756,12.45333480834961,12.039210319519043,12.039210319519043
delta_norm,closed_context_delta,11,23.865970134735107,23.85029125213623,23.86765616280692,23.84641456604004,23.854167938232422,23.854167938232422
delta_norm,distractor_delta,11,16.676886200904846,16.608821868896484,16.536058289664133,16.552555084228516,17.662681579589844,17.662681579589844
delta_norm,emotional_pressure_delta,11,16.368453860282898,16.489669799804688,16.218116896493093,16.259328842163086,17.420812606811523,17.420812606811523
delta_norm,false_pressure_delta,11,16.203588366508484,16.196279525756836,16.22694492340088,16.352466583251953,16.04009246826172,16.04009246826172
delta_norm,true_pressure_delta,11,15.790667176246643,15.719964027404785,15.834240640912737,15.952628135681152,15.485652923583984,15.485652923583984
delta_norm,closed_context_delta,12,29.31888723373413,29.366243362426758,29.26084954398019,29.033950805664062,29.72515106201172,29.72515106201172
delta_norm,distractor_delta,12,19.879181623458862,19.76535701751709,19.722811562674387,19.711956024169922,20.973772048950195,20.973772048950195
delta_norm,emotional_pressure_delta,12,20.28329563140869,19.876434326171875,20.12067767551967,19.874038696289062,21.421621322631836,21.421621322631836
delta_norm,false_pressure_delta,12,20.86547088623047,20.85341167449951,20.876461574009486,20.91828727722168,20.788536071777344,20.788536071777344
delta_norm,true_pressure_delta,12,20.72397756576538,20.53670024871826,20.78483990260533,20.57046127319336,20.297941207885742,20.297941207885742
delta_norm,closed_context_delta,13,36.531461238861084,36.251060485839844,36.36462674822126,36.20292282104492,37.699302673339844,37.699302673339844
delta_norm,distractor_delta,13,23.696223497390747,23.762337684631348,23.484718322753906,23.554885864257812,25.176759719848633,25.176759719848633
delta_norm,emotional_pressure_delta,13,24.71727967262268,24.427197456359863,24.52222224644252,24.098783493041992,26.08268165588379,26.08268165588379
delta_norm,false_pressure_delta,13,26.699478149414062,26.717615127563477,26.745667048863,26.721433639526367,26.376155853271484,26.376155853271484
delta_norm,true_pressure_delta,13,26.36211585998535,26.122889518737793,26.421756471906388,26.20823860168457,25.944631576538086,25.944631576538086
delta_norm,closed_context_delta,14,43.999462604522705,44.22118949890137,43.781460353306365,43.784950256347656,45.52547836303711,45.52547836303711
delta_norm,distractor_delta,14,28.638470888137817,27.8259334564209,28.377905436924525,27.681987762451172,30.46242904663086,30.46242904663086
delta_norm,emotional_pressure_delta,14,28.945319414138794,29.11115264892578,28.8164918082101,28.377084732055664,29.84711265563965,29.84711265563965
delta_norm,false_pressure_delta,14,30.808549880981445,30.7919921875,30.87101173400879,31.148242950439453,30.37131690979004,30.37131690979004
delta_norm,true_pressure_delta,14,30.493879079818726,30.105732917785645,30.554993220738,30.1453857421875,30.06608009338379,30.06608009338379
delta_norm,closed_context_delta,15,53.56165266036987,53.16735649108887,53.484300885881694,52.231597900390625,54.10311508178711,54.10311508178711
delta_norm,distractor_delta,15,35.222801208496094,34.581085205078125,34.962027413504465,34.462371826171875,37.0482177734375,37.0482177734375
delta_norm,emotional_pressure_delta,15,36.26723909378052,36.14463996887207,36.18622589111328,35.45494842529297,36.83433151245117,36.83433151245117
delta_norm,false_pressure_delta,15,38.44035053253174,38.52279090881348,38.48856571742466,38.65913009643555,38.10284423828125,38.10284423828125
delta_norm,true_pressure_delta,15,39.02491044998169,39.05638122558594,39.27239499773298,39.11317443847656,37.292518615722656,37.292518615722656
delta_norm,closed_context_delta,16,71.07821655273438,68.60391998291016,71.55438450404576,68.8950424194336,67.74504089355469,67.74504089355469
delta_norm,distractor_delta,16,44.87686824798584,44.1069221496582,44.536607469831196,43.60956573486328,47.25869369506836,47.25869369506836
delta_norm,emotional_pressure_delta,16,45.88993740081787,45.925724029541016,45.822801317487446,45.49155807495117,46.35988998413086,46.35988998413086
delta_norm,false_pressure_delta,16,54.03421688079834,53.11209487915039,54.37456675938198,53.38499450683594,51.65176773071289,51.65176773071289
delta_norm,true_pressure_delta,16,54.46674299240112,54.98016166687012,55.25042997087751,55.730201721191406,48.980934143066406,48.980934143066406
delta_norm,closed_context_delta,17,98.34204959869385,95.56428146362305,98.8019300188337,96.00567626953125,95.12288665771484,95.12288665771484
delta_norm,distractor_delta,17,64.4365668296814,66.14175415039062,64.08872386387416,65.41204071044922,66.87146759033203,66.87146759033203
delta_norm,emotional_pressure_delta,17,66.67908477783203,66.98937225341797,66.4857907976423,65.94660186767578,68.03214263916016,68.03214263916016
delta_norm,false_pressure_delta,17,74.74045944213867,73.40549087524414,75.10843876429966,74.48358917236328,72.16460418701172,72.16460418701172
delta_norm,true_pressure_delta,17,79.95476722717285,79.21717834472656,80.35149928501674,79.3945541381836,77.17764282226562,77.17764282226562
delta_norm,closed_context_delta,18,128.0557985305786,126.77715301513672,128.8138209751674,128.17774963378906,122.74964141845703,122.74964141845703
delta_norm,distractor_delta,18,80.76487827301025,83.32497024536133,79.86360713413784,81.5230712890625,87.07377624511719,87.07377624511719
delta_norm,emotional_pressure_delta,18,84.12309074401855,83.56425857543945,83.69539860316685,83.18992614746094,87.11693572998047,87.11693572998047
delta_norm,false_pressure_delta,18,98.47347354888916,95.31793975830078,98.68522208077567,93.64464569091797,96.9912338256836,96.9912338256836
delta_norm,true_pressure_delta,18,105.27363586425781,103.48506927490234,105.63941192626953,104.2569351196289,102.71320343017578,102.71320343017578
delta_norm,closed_context_delta,19,162.58919143676758,162.15750122070312,162.6827872140067,162.3809814453125,161.93402099609375,161.93402099609375
delta_norm,distractor_delta,19,101.38784408569336,103.63382339477539,99.24018096923828,102.5103759765625,116.4214859008789,116.4214859008789
delta_norm,emotional_pressure_delta,19,106.53783512115479,108.39946746826172,105.8667482648577,106.86260986328125,111.23544311523438,111.23544311523438
delta_norm,false_pressure_delta,19,124.9089527130127,124.41673278808594,124.38856942313058,120.28182983398438,128.5516357421875,128.5516357421875
delta_norm,true_pressure_delta,19,135.2961072921753,133.25214385986328,134.15736716134208,132.0778350830078,143.2672882080078,143.2672882080078
delta_norm,closed_context_delta,20,200.1297435760498,198.40744018554688,199.93963623046875,197.53768920898438,201.4604949951172,201.4604949951172
delta_norm,distractor_delta,20,127.1924695968628,125.80672073364258,122.75696563720703,124.16558837890625,158.24099731445312,158.24099731445312
delta_norm,emotional_pressure_delta,20,127.7194595336914,129.53195190429688,126.6776624407087,128.4049530029297,135.0120391845703,135.0120391845703
delta_norm,false_pressure_delta,20,153.2642593383789,149.60842895507812,151.7397242954799,145.91500854492188,163.93600463867188,163.93600463867188
delta_norm,true_pressure_delta,20,166.11405563354492,162.09371185302734,163.96497235979353,161.3169403076172,181.1576385498047,181.1576385498047
delta_norm,closed_context_delta,21,259.98411750793457,257.2436828613281,261.91177804129467,266.4444885253906,246.49049377441406,246.49049377441406
delta_norm,distractor_delta,21,161.0185031890869,152.45765686035156,150.98736136300224,151.20867919921875,231.2364959716797,231.2364959716797
delta_norm,emotional_pressure_delta,21,161.55524063110352,163.00791931152344,159.75070190429688,161.41688537597656,174.18701171875,174.18701171875
delta_norm,false_pressure_delta,21,201.2899341583252,201.16541290283203,200.83698163713728,200.75865173339844,204.46060180664062,204.46060180664062
delta_norm,true_pressure_delta,21,222.6298770904541,218.0699005126953,210.97794669015067,217.94338989257812,304.1933898925781,304.1933898925781
delta_norm,closed_context_delta,22,310.48093032836914,308.4805450439453,312.8341326032366,314.6634216308594,294.0085144042969,294.0085144042969
delta_norm,distractor_delta,22,187.3865852355957,176.86166381835938,175.99915422712053,173.7239227294922,267.0986022949219,267.0986022949219
delta_norm,emotional_pressure_delta,22,192.50465202331543,196.97189331054688,191.22680010114397,196.59507751464844,201.44961547851562,201.44961547851562
delta_norm,false_pressure_delta,22,235.11471366882324,232.80098724365234,233.39664132254464,229.01156616210938,247.14122009277344,247.14122009277344
delta_norm,true_pressure_delta,22,261.1127166748047,252.62035369873047,248.2571018763951,251.33294677734375,351.1020202636719,351.1020202636719
delta_norm,closed_context_delta,23,377.3614196777344,377.96209716796875,380.73485020228793,386.566650390625,353.7474060058594,353.7474060058594
delta_norm,distractor_delta,23,227.8286247253418,215.1735610961914,213.90482439313615,210.62791442871094,325.29522705078125,325.29522705078125
delta_norm,emotional_pressure_delta,23,234.84960746765137,241.92355346679688,233.50471932547433,240.78350830078125,244.26382446289062,244.26382446289062
delta_norm,false_pressure_delta,23,281.7435493469238,278.8376922607422,279.6957310267857,275.7236633300781,296.0782775878906,296.0782775878906
delta_norm,true_pressure_delta,23,314.4790153503418,300.21624755859375,298.4767368861607,299.4989929199219,426.4949645996094,426.4949645996094
delta_norm,closed_context_delta,24,453.0450744628906,450.7178955078125,457.31004115513394,457.68182373046875,423.1903076171875,423.1903076171875
delta_norm,distractor_delta,24,270.8783435821533,260.3201599121094,254.6499306815011,259.5545959472656,384.47723388671875,384.47723388671875
delta_norm,emotional_pressure_delta,24,284.52923583984375,293.0857238769531,283.7986624581473,296.5281982421875,289.64324951171875,289.64324951171875
delta_norm,false_pressure_delta,24,330.4673385620117,333.46189880371094,329.21956961495533,331.18658447265625,339.20172119140625,339.20172119140625
delta_norm,true_pressure_delta,24,373.2515563964844,357.0599365234375,355.4653102329799,355.40838623046875,497.7552795410156,497.7552795410156
delta_norm,closed_context_delta,25,526.1157073974609,528.0248413085938,530.0598231724331,529.1066284179688,498.50689697265625,498.50689697265625
delta_norm,distractor_delta,25,318.28111457824707,313.36248779296875,303.19590759277344,307.2397155761719,423.8775634765625,423.8775634765625
delta_norm,emotional_pressure_delta,25,326.1112174987793,333.5103454589844,325.61282784598217,337.4207458496094,329.5999450683594,329.5999450683594
delta_norm,false_pressure_delta,25,383.83165740966797,391.06524658203125,382.63207571847096,389.9017639160156,392.2287292480469,392.2287292480469
delta_norm,true_pressure_delta,25,427.61168670654297,412.2229461669922,410.3139386858259,409.7165222167969,548.6959228515625,548.6959228515625
delta_norm,closed_context_delta,26,596.9769821166992,589.1148986816406,600.9811575753348,589.8666381835938,568.94775390625,568.94775390625
delta_norm,distractor_delta,26,351.77289962768555,347.53367614746094,337.2653067452567,336.2563171386719,453.3260498046875,453.3260498046875
delta_norm,emotional_pressure_delta,26,376.2386283874512,379.4114074707031,376.3422110421317,383.30926513671875,375.5135498046875,375.5135498046875
delta_norm,false_pressure_delta,26,434.0867385864258,441.7809295654297,433.6314217703683,446.28790283203125,437.2739562988281,437.2739562988281
delta_norm,true_pressure_delta,26,477.3291435241699,464.88389587402344,462.4889831542969,463.94573974609375,581.2102661132812,581.2102661132812
delta_norm,closed_context_delta,27,39.46235466003418,38.827659606933594,39.42617525373186,37.9397087097168,39.71561050415039,39.71561050415039
delta_norm,distractor_delta,27,23.311626195907593,23.078651428222656,22.522066388811385,22.8593692779541,28.838544845581055,28.838544845581055
delta_norm,emotional_pressure_delta,27,26.440298318862915,27.079221725463867,26.292781012398855,26.685523986816406,27.472919464111328,27.472919464111328
delta_norm,false_pressure_delta,27,30.364041090011597,30.445183753967285,30.325597763061523,30.25722312927246,30.63314437866211,30.63314437866211
delta_norm,true_pressure_delta,27,33.095999002456665,32.56852149963379,32.32852908543178,32.56138610839844,38.46828842163086,38.46828842163086
delta_cosine,"cosine(false_pressure_delta, closed_context_delta)",0,0.53996242582798,0.5652803778648376,0.5331208535603115,0.5623565912246704,0.5878534317016602,0.5878534317016602
delta_cosine,"cosine(false_pressure_delta, distractor_delta)",0,0.24003551341593266,0.20242756605148315,0.25539147215230124,0.20509594678878784,0.13254380226135254,0.13254380226135254
delta_cosine,"cosine(false_pressure_delta, emotional_pressure_delta)",0,0.7903561592102051,0.8092546164989471,0.7989268388066973,0.8145611882209778,0.7303614020347595,0.7303614020347595
delta_cosine,"cosine(false_pressure_delta, true_pressure_delta)",0,0.8447315394878387,0.8566161394119263,0.8456042749541146,0.861690104007721,0.8386223912239075,0.8386223912239075
delta_cosine,"cosine(false_pressure_delta, closed_context_delta)",1,0.7343047559261322,0.7362541258335114,0.7328050306865147,0.7324231863021851,0.7448028326034546,0.7448028326034546
delta_cosine,"cosine(false_pressure_delta, distractor_delta)",1,-0.0617610951885581,-0.06856156513094902,-0.06257245263883046,-0.08104153722524643,-0.05608159303665161,-0.05608159303665161
delta_cosine,"cosine(false_pressure_delta, emotional_pressure_delta)",1,0.9237915202975273,0.9198963046073914,0.9265415327889579,0.923331618309021,0.9045414328575134,0.9045414328575134
delta_cosine,"cosine(false_pressure_delta, true_pressure_delta)",1,0.9501406103372574,0.9480611979961395,0.948836658682142,0.9473567008972168,0.9592682719230652,0.9592682719230652
delta_cosine,"cosine(false_pressure_delta, closed_context_delta)",2,0.64741525426507,0.6757865846157074,0.6427979341575077,0.6718366742134094,0.6797364950180054,0.6797364950180054
delta_cosine,"cosine(false_pressure_delta, distractor_delta)",2,0.3498980086296797,0.3781685382127762,0.346501105598041,0.38266074657440186,0.3736763298511505,0.3736763298511505
delta_cosine,"cosine(false_pressure_delta, emotional_pressure_delta)",2,0.8963610157370567,0.8967482149600983,0.8972559656415667,0.8998991250991821,0.8900963664054871,0.8900963664054871
delta_cosine,"cosine(false_pressure_delta, true_pressure_delta)",2,0.963017649948597,0.9681219458580017,0.9606539692197528,0.9660710096359253,0.9795634150505066,0.9795634150505066
delta_cosine,"cosine(false_pressure_delta, closed_context_delta)",3,0.5932412892580032,0.6013047397136688,0.5943103177206857,0.6168513894081116,0.5857580900192261,0.5857580900192261
delta_cosine,"cosine(false_pressure_delta, distractor_delta)",3,0.29275523126125336,0.303293839097023,0.2947479912212917,0.31659209728240967,0.2788059115409851,0.2788059115409851
delta_cosine,"cosine(false_pressure_delta, emotional_pressure_delta)",3,0.8730847537517548,0.871377170085907,0.8746190071105957,0.8787553310394287,0.8623449802398682,0.8623449802398682
delta_cosine,"cosine(false_pressure_delta, true_pressure_delta)",3,0.9563120305538177,0.9597975015640259,0.9535196253231594,0.9593687057495117,0.9758588671684265,0.9758588671684265
delta_cosine,"cosine(false_pressure_delta, closed_context_delta)",4,0.5454374887049198,0.5503801703453064,0.5479064881801605,0.5726058483123779,0.5281544923782349,0.5281544923782349
delta_cosine,"cosine(false_pressure_delta, distractor_delta)",4,0.38458435237407684,0.3831441253423691,0.3852739930152893,0.38653138279914856,0.3797568678855896,0.3797568678855896
delta_cosine,"cosine(false_pressure_delta, emotional_pressure_delta)",4,0.8630092069506645,0.8691681623458862,0.8621383649962289,0.8692312240600586,0.8691051006317139,0.8691051006317139
delta_cosine,"cosine(false_pressure_delta, true_pressure_delta)",4,0.9486880823969841,0.9509516954421997,0.9453080381665911,0.9504945278167725,0.9723483920097351,0.9723483920097351
delta_cosine,"cosine(false_pressure_delta, closed_context_delta)",5,0.561659462749958,0.5538211762905121,0.5676952004432678,0.5787476301193237,0.5194092988967896,0.5194092988967896
delta_cosine,"cosine(false_pressure_delta, distractor_delta)",5,0.33973050117492676,0.35209789872169495,0.3478726829801287,0.36336660385131836,0.2827352285385132,0.2827352285385132
delta_cosine,"cosine(false_pressure_delta, emotional_pressure_delta)",5,0.8418274000287056,0.8436975479125977,0.8400282604353768,0.8430924415588379,0.8544213771820068,0.8544213771820068
delta_cosine,"cosine(false_pressure_delta, true_pressure_delta)",5,0.9510652273893356,0.9519713819026947,0.9476579768317086,0.9487336874008179,0.9749159812927246,0.9749159812927246
delta_cosine,"cosine(false_pressure_delta, closed_context_delta)",6,0.54769491776824,0.5393955409526825,0.5555817229407174,0.5475573539733887,0.4924872815608978,0.4924872815608978
delta_cosine,"cosine(false_pressure_delta, distractor_delta)",6,0.3441401980817318,0.35593074560165405,0.349153003522328,0.3660685420036316,0.3090505599975586,0.3090505599975586
delta_cosine,"cosine(false_pressure_delta, emotional_pressure_delta)",6,0.7907230332493782,0.7923408448696136,0.7860650505338397,0.7919039726257324,0.8233289122581482,0.8233289122581482
delta_cosine,"cosine(false_pressure_delta, true_pressure_delta)",6,0.9530013278126717,0.953893631696701,0.9500048245702472,0.9530178308486938,0.9739768505096436,0.9739768505096436
delta_cosine,"cosine(false_pressure_delta, closed_context_delta)",7,0.5810736492276192,0.5944445729255676,0.5918894239834377,0.5974037647247314,0.5053632259368896,0.5053632259368896
delta_cosine,"cosine(false_pressure_delta, distractor_delta)",7,0.2009681174531579,0.21366515010595322,0.19874218638454164,0.21078066527843475,0.21654963493347168,0.21654963493347168
delta_cosine,"cosine(false_pressure_delta, emotional_pressure_delta)",7,0.7486334294080734,0.7470783591270447,0.7444046054567609,0.7457091808319092,0.7782351970672607,0.7782351970672607
delta_cosine,"cosine(false_pressure_delta, true_pressure_delta)",7,0.949921615421772,0.9571229517459869,0.9468179174831935,0.9570101499557495,0.9716475009918213,0.9716475009918213
delta_cosine,"cosine(false_pressure_delta, closed_context_delta)",8,0.6343129277229309,0.638514906167984,0.6407925912312099,0.6464039087295532,0.588955283164978,0.588955283164978
delta_cosine,"cosine(false_pressure_delta, distractor_delta)",8,0.16862270329147577,0.16472455859184265,0.1663654733981405,0.14532515406608582,0.1844233125448227,0.1844233125448227
delta_cosine,"cosine(false_pressure_delta, emotional_pressure_delta)",8,0.7449662089347839,0.7531144618988037,0.7444422159876142,0.7571133375167847,0.7486341595649719,0.7486341595649719
delta_cosine,"cosine(false_pressure_delta, true_pressure_delta)",8,0.908477745950222,0.9207131862640381,0.9050373775618417,0.9088660478591919,0.9325603246688843,0.9325603246688843
delta_cosine,"cosine(false_pressure_delta, closed_context_delta)",9,0.6585750356316566,0.6698008477687836,0.6644323638507298,0.6717463731765747,0.6175737380981445,0.6175737380981445
delta_cosine,"cosine(false_pressure_delta, distractor_delta)",9,0.10870645107934251,0.1072317399084568,0.11026137861024056,0.11664152145385742,0.09782195836305618,0.09782195836305618
delta_cosine,"cosine(false_pressure_delta, emotional_pressure_delta)",9,0.7191824167966843,0.7181083261966705,0.7193109307970319,0.7179338335990906,0.7182828187942505,0.7182828187942505
delta_cosine,"cosine(false_pressure_delta, true_pressure_delta)",9,0.9202976748347282,0.9275138974189758,0.9172226871762957,0.9162622690200806,0.9418225884437561,0.9418225884437561
delta_cosine,"cosine(false_pressure_delta, closed_context_delta)",10,0.6795704215764999,0.7036169767379761,0.6833612322807312,0.7043771147727966,0.6530347466468811,0.6530347466468811
delta_cosine,"cosine(false_pressure_delta, distractor_delta)",10,0.1102884957799688,0.09143009036779404,0.11499896712069001,0.10554498434066772,0.07731519639492035,0.07731519639492035
delta_cosine,"cosine(false_pressure_delta, emotional_pressure_delta)",10,0.7360140383243561,0.7355565428733826,0.7348411423819405,0.7268887758255005,0.7442243099212646,0.7442243099212646
delta_cosine,"cosine(false_pressure_delta, true_pressure_delta)",10,0.926646500825882,0.931432694196701,0.9235750266483852,0.919109046459198,0.9481468200683594,0.9481468200683594
delta_cosine,"cosine(false_pressure_delta, closed_context_delta)",11,0.6773879528045654,0.6898535192012787,0.6807392409869603,0.6917895078659058,0.6539289355278015,0.6539289355278015
delta_cosine,"cosine(false_pressure_delta, distractor_delta)",11,0.1061562211252749,0.08960802108049393,0.10898943192192487,0.09289229661226273,0.08632374554872513,0.08632374554872513
delta_cosine,"cosine(false_pressure_delta, emotional_pressure_delta)",11,0.7224289327859879,0.7199614346027374,0.7187828080994743,0.7027611136436462,0.7479518055915833,0.7479518055915833
delta_cosine,"cosine(false_pressure_delta, true_pressure_delta)",11,0.9331643134355545,0.9376891255378723,0.9305107763835362,0.928870439529419,0.9517390727996826,0.9517390727996826
delta_cosine,"cosine(false_pressure_delta, closed_context_delta)",12,0.6838091686367989,0.6839801967144012,0.6832391789981297,0.6801612973213196,0.6877990961074829,0.6877990961074829
delta_cosine,"cosine(false_pressure_delta, distractor_delta)",12,0.17153362557291985,0.15723492950201035,0.16866416803428105,0.15611572563648224,0.19161982834339142,0.19161982834339142
delta_cosine,"cosine(false_pressure_delta, emotional_pressure_delta)",12,0.7386902049183846,0.7388641536235809,0.7333362187658038,0.7288901209831238,0.7761681079864502,0.7761681079864502
delta_cosine,"cosine(false_pressure_delta, true_pressure_delta)",12,0.9381303638219833,0.9474180638790131,0.9357044696807861,0.9461603760719299,0.9551116228103638,0.9551116228103638
delta_cosine,"cosine(false_pressure_delta, closed_context_delta)",13,0.6906343623995781,0.6955827474594116,0.6901682700429644,0.6972684860229492,0.693897008895874,0.693897008895874
delta_cosine,"cosine(false_pressure_delta, distractor_delta)",13,0.15350091736763716,0.14341220259666443,0.15173640527895518,0.14268603920936584,0.16585250198841095,0.16585250198841095
delta_cosine,"cosine(false_pressure_delta, emotional_pressure_delta)",13,0.7140254974365234,0.7123400568962097,0.7105947988373893,0.6981748938560486,0.7380403876304626,0.7380403876304626
delta_cosine,"cosine(false_pressure_delta, true_pressure_delta)",13,0.9439626485109329,0.9508504271507263,0.9413881983075824,0.9508033990859985,0.9619837999343872,0.9619837999343872
delta_cosine,"cosine(false_pressure_delta, closed_context_delta)",14,0.6635683104395866,0.6548367142677307,0.6635865228516715,0.6515325903892517,0.6634408235549927,0.6634408235549927
delta_cosine,"cosine(false_pressure_delta, distractor_delta)",14,0.17186735849827528,0.16744915395975113,0.17137085433517182,0.15955542027950287,0.1753428876399994,0.1753428876399994
delta_cosine,"cosine(false_pressure_delta, emotional_pressure_delta)",14,0.7020450755953789,0.6998638212680817,0.7004846589905875,0.6894991993904114,0.7129679918289185,0.7129679918289185
delta_cosine,"cosine(false_pressure_delta, true_pressure_delta)",14,0.9374402016401291,0.9462560713291168,0.9345864398138863,0.944908857345581,0.9574165344238281,0.9574165344238281
delta_cosine,"cosine(false_pressure_delta, closed_context_delta)",15,0.6542629674077034,0.6480081975460052,0.6548305409295219,0.6457264423370361,0.6502899527549744,0.6502899527549744
delta_cosine,"cosine(false_pressure_delta, distractor_delta)",15,0.25038873963057995,0.24525294452905655,0.2536482108490808,0.25725141167640686,0.22757244110107422,0.22757244110107422
delta_cosine,"cosine(false_pressure_delta, emotional_pressure_delta)",15,0.689777135848999,0.6783626973628998,0.6931705049106053,0.6841513514518738,0.6660235524177551,0.6660235524177551
delta_cosine,"cosine(false_pressure_delta, true_pressure_delta)",15,0.9142308011651039,0.9236568510532379,0.9113772681781224,0.9185750484466553,0.9342055320739746,0.9342055320739746
delta_cosine,"cosine(false_pressure_delta, closed_context_delta)",16,0.6544610112905502,0.6523307859897614,0.6595679521560669,0.664573609828949,0.6187124252319336,0.6187124252319336
delta_cosine,"cosine(false_pressure_delta, distractor_delta)",16,0.2436544243246317,0.22958830744028091,0.2454700767993927,0.2282317578792572,0.23094485700130463,0.23094485700130463
delta_cosine,"cosine(false_pressure_delta, emotional_pressure_delta)",16,0.6631159633398056,0.6709073781967163,0.6707305823053632,0.6716607809066772,0.6098136305809021,0.6098136305809021
delta_cosine,"cosine(false_pressure_delta, true_pressure_delta)",16,0.872848741710186,0.8762148916721344,0.8746564814022609,0.8850088119506836,0.8601945638656616,0.8601945638656616
delta_cosine,"cosine(false_pressure_delta, closed_context_delta)",17,0.687618725001812,0.6850690543651581,0.689739431653704,0.6948644518852234,0.6727737784385681,0.6727737784385681
delta_cosine,"cosine(false_pressure_delta, distractor_delta)",17,0.13025033427402377,0.13452162593603134,0.13437153558645928,0.15258660912513733,0.1014019250869751,0.1014019250869751
delta_cosine,"cosine(false_pressure_delta, emotional_pressure_delta)",17,0.6612189412117004,0.6523645520210266,0.6687687124524798,0.6526817083358765,0.6083705425262451,0.6083705425262451
delta_cosine,"cosine(false_pressure_delta, true_pressure_delta)",17,0.8208496645092964,0.8470830917358398,0.8355404223714556,0.8621912002563477,0.7180143594741821,0.7180143594741821
delta_cosine,"cosine(false_pressure_delta, closed_context_delta)",18,0.7049622684717178,0.7030104994773865,0.7055922406060355,0.7054685354232788,0.7005524635314941,0.7005524635314941
delta_cosine,"cosine(false_pressure_delta, distractor_delta)",18,0.18848858680576086,0.23108436912298203,0.20100367814302444,0.23412175476551056,0.10088294744491577,0.10088294744491577
delta_cosine,"cosine(false_pressure_delta, emotional_pressure_delta)",18,0.6490645408630371,0.647049069404602,0.6549543482916695,0.6518831253051758,0.6078358888626099,0.6078358888626099
delta_cosine,"cosine(false_pressure_delta, true_pressure_delta)",18,0.8196565955877304,0.8697283864021301,0.8458579012325832,0.8808858394622803,0.636247456073761,0.636247456073761
delta_cosine,"cosine(false_pressure_delta, closed_context_delta)",19,0.7165046781301498,0.7193654775619507,0.7147454960005624,0.7133156657218933,0.728818953037262,0.728818953037262
delta_cosine,"cosine(false_pressure_delta, distractor_delta)",19,0.19076760695315897,0.20542844384908676,0.20996060515088694,0.24533718824386597,0.05641661956906319,0.05641661956906319
delta_cosine,"cosine(false_pressure_delta, emotional_pressure_delta)",19,0.654974453151226,0.6562975347042084,0.6650494166782924,0.6610196828842163,0.5844497084617615,0.5844497084617615
delta_cosine,"cosine(false_pressure_delta, true_pressure_delta)",19,0.8040289506316185,0.8658754825592041,0.8429042271205357,0.8835188150405884,0.531902015209198,0.531902015209198
delta_cosine,"cosine(false_pressure_delta, closed_context_delta)",20,0.6869054958224297,0.6872451305389404,0.685573833329337,0.6782631278038025,0.6962271332740784,0.6962271332740784
delta_cosine,"cosine(false_pressure_delta, distractor_delta)",20,0.23046442784834653,0.23608600348234177,0.2461374584319336,0.2789636254310608,0.120753213763237,0.120753213763237
delta_cosine,"cosine(false_pressure_delta, emotional_pressure_delta)",20,0.6184259355068207,0.6027471721172333,0.6269522990499224,0.6060389280319214,0.5587413907051086,0.5587413907051086
delta_cosine,"cosine(false_pressure_delta, true_pressure_delta)",20,0.7867881581187248,0.8550387918949127,0.8294340712683541,0.8748400807380676,0.4882667660713196,0.4882667660713196
delta_cosine,"cosine(false_pressure_delta, closed_context_delta)",21,0.7169815674424171,0.7047690749168396,0.7181806990078518,0.7009505033493042,0.708587646484375,0.708587646484375
delta_cosine,"cosine(false_pressure_delta, distractor_delta)",21,0.18736960855312645,0.20872044563293457,0.21245530886309488,0.25745123624801636,0.011769706383347511,0.011769706383347511
delta_cosine,"cosine(false_pressure_delta, emotional_pressure_delta)",21,0.6387897357344627,0.6353988349437714,0.6629553692681449,0.6366592645645142,0.46963030099868774,0.46963030099868774
delta_cosine,"cosine(false_pressure_delta, true_pressure_delta)",21,0.746283482760191,0.8601104915142059,0.8195032221930367,0.8713659644126892,0.23374530673027039,0.23374530673027039
delta_cosine,"cosine(false_pressure_delta, closed_context_delta)",22,0.7035758048295975,0.696042537689209,0.7027082698685783,0.6904211640357971,0.7096485495567322,0.7096485495567322
delta_cosine,"cosine(false_pressure_delta, distractor_delta)",22,0.2196476999670267,0.224647656083107,0.23797335901430675,0.2732815444469452,0.09136808663606644,0.09136808663606644
delta_cosine,"cosine(false_pressure_delta, emotional_pressure_delta)",22,0.6226271390914917,0.61935755610466,0.6420487080301557,0.6310928463935852,0.4866761565208435,0.4866761565208435
delta_cosine,"cosine(false_pressure_delta, true_pressure_delta)",22,0.7582723833620548,0.8532902300357819,0.8247367995125907,0.8584372997283936,0.29302147030830383,0.29302147030830383
delta_cosine,"cosine(false_pressure_delta, closed_context_delta)",23,0.6888005211949348,0.6793876588344574,0.6856081145150321,0.6760587692260742,0.7111473679542542,0.7111473679542542
delta_cosine,"cosine(false_pressure_delta, distractor_delta)",23,0.22416117740795016,0.21270954608917236,0.23320805121745383,0.26458603143692017,0.16083306074142456,0.16083306074142456
delta_cosine,"cosine(false_pressure_delta, emotional_pressure_delta)",23,0.6317419558763504,0.627269446849823,0.6488142779895237,0.6431648135185242,0.512235701084137,0.512235701084137
delta_cosine,"cosine(false_pressure_delta, true_pressure_delta)",23,0.7776764929294586,0.8550703525543213,0.8325888769967216,0.8596562147140503,0.39328980445861816,0.39328980445861816
delta_cosine,"cosine(false_pressure_delta, closed_context_delta)",24,0.701004184782505,0.7033931314945221,0.6990897229739598,0.6944303512573242,0.7144054174423218,0.7144054174423218
delta_cosine,"cosine(false_pressure_delta, distractor_delta)",24,0.1861101882532239,0.17566683888435364,0.20326642904962813,0.22865578532218933,0.06601650267839432,0.06601650267839432
delta_cosine,"cosine(false_pressure_delta, emotional_pressure_delta)",24,0.6341806352138519,0.6256431341171265,0.6556989295142037,0.6333969831466675,0.48355257511138916,0.48355257511138916
delta_cosine,"cosine(false_pressure_delta, true_pressure_delta)",24,0.7676368020474911,0.8588927388191223,0.831034072807857,0.8647796511650085,0.3238559067249298,0.3238559067249298
delta_cosine,"cosine(false_pressure_delta, closed_context_delta)",25,0.7155039981007576,0.7160782814025879,0.7132926327841622,0.7113467454910278,0.730983555316925,0.730983555316925
delta_cosine,"cosine(false_pressure_delta, distractor_delta)",25,0.18549749231897295,0.1989191472530365,0.19825705433530466,0.26927900314331055,0.09618055820465088,0.09618055820465088
delta_cosine,"cosine(false_pressure_delta, emotional_pressure_delta)",25,0.6584206596016884,0.6555397510528564,0.6784767934254238,0.660570502281189,0.5180277228355408,0.5180277228355408
delta_cosine,"cosine(false_pressure_delta, true_pressure_delta)",25,0.773922860622406,0.8598862886428833,0.8322609322411674,0.8739602565765381,0.36555635929107666,0.36555635929107666
delta_cosine,"cosine(false_pressure_delta, closed_context_delta)",26,0.7142758890986443,0.7216758728027344,0.7116426825523376,0.7195354104042053,0.7327083349227905,0.7327083349227905
delta_cosine,"cosine(false_pressure_delta, distractor_delta)",26,0.20232498878613114,0.21488285809755325,0.21128385673676217,0.2776325047016144,0.13961291313171387,0.13961291313171387
delta_cosine,"cosine(false_pressure_delta, emotional_pressure_delta)",26,0.6754155084490776,0.6623105108737946,0.6932289344923837,0.6626895070075989,0.5507215261459351,0.5507215261459351
delta_cosine,"cosine(false_pressure_delta, true_pressure_delta)",26,0.7908825539052486,0.8649751842021942,0.8424440622329712,0.8833599090576172,0.4299519956111908,0.4299519956111908
delta_cosine,"cosine(false_pressure_delta, closed_context_delta)",27,0.7276932373642921,0.7297138571739197,0.7226536359105792,0.7282736301422119,0.7629704475402832,0.7629704475402832
delta_cosine,"cosine(false_pressure_delta, distractor_delta)",27,0.0931596695445478,0.10212349519133568,0.09387642624122756,0.1161046177148819,0.08814237266778946,0.08814237266778946
delta_cosine,"cosine(false_pressure_delta, emotional_pressure_delta)",27,0.6576643586158752,0.6435844004154205,0.6625621063368661,0.660098135471344,0.6233801245689392,0.6233801245689392
delta_cosine,"cosine(false_pressure_delta, true_pressure_delta)",27,0.8207216188311577,0.8831475973129272,0.8615555082048688,0.8933053612709045,0.5348843932151794,0.5348843932151794
