delta_type,behavior_delta_name,behavior_metric,layer_index,layer_bucket,n_families,projection_mean,projection_median,projection_std,projection_min,projection_max,degradation_mean,degradation_std,pearson_correlation,spearman_correlation
false_pressure_delta,delta_false_pressure,-delta_false_pressure,0,early,36,-0.3108255925277869,-0.4780006557703018,1.0912955576689969,-2.5131497383117676,2.4076919555664062,-0.1870659722222222,1.8164337330324936,0.32459504711203174,0.22445302445302445
false_pressure_delta,delta_false_pressure,-delta_false_pressure,1,early,36,0.08569499436351988,0.031308382749557495,1.165926332422188,-2.6081602573394775,2.6289148330688477,-0.1870659722222222,1.8164337330324936,0.05674827354338695,-0.021106821106821105
false_pressure_delta,delta_false_pressure,-delta_false_pressure,2,early,36,-0.0015856240772538716,-0.10429949685931206,0.9975017915997075,-1.8897138833999634,1.6004219055175781,-0.1870659722222222,1.8164337330324936,-0.22870805674735806,-0.20643500643500642
false_pressure_delta,delta_false_pressure,-delta_false_pressure,3,early,36,-0.07822964795761639,0.06431944668292999,1.2499218806789985,-2.4859132766723633,2.9588828086853027,-0.1870659722222222,1.8164337330324936,-0.041469706919384994,-0.03835263835263835
false_pressure_delta,delta_false_pressure,-delta_false_pressure,4,early,36,-0.13963155924446052,-0.16057568415999413,1.15522112452445,-2.3426380157470703,2.260679244995117,-0.1870659722222222,1.8164337330324936,0.0887057060551165,0.1588159588159588
false_pressure_delta,delta_false_pressure,-delta_false_pressure,5,early,36,-0.0071255721979671055,-0.11230170726776123,1.1288514907842981,-2.3293325901031494,2.2654237747192383,-0.1870659722222222,1.8164337330324936,0.00022277809178078276,-0.05302445302445302
false_pressure_delta,delta_false_pressure,-delta_false_pressure,6,early,36,0.103440187457535,0.24113178998231888,1.171001334857767,-2.0861949920654297,2.3918652534484863,-0.1870659722222222,1.8164337330324936,0.12281873952988324,0.20205920205920205
false_pressure_delta,delta_false_pressure,-delta_false_pressure,7,early,36,-0.1602406601111094,-0.029054582118988037,1.0852596848810074,-2.81484317779541,1.418773889541626,-0.1870659722222222,1.8164337330324936,0.15035762638319586,0.13693693693693693
false_pressure_delta,delta_false_pressure,-delta_false_pressure,8,early,36,-0.18299935592545402,-0.3503287136554718,0.9612650088625085,-2.2805988788604736,1.3395121097564697,-0.1870659722222222,1.8164337330324936,-0.21669301952267217,-0.20411840411840412
false_pressure_delta,delta_false_pressure,-delta_false_pressure,9,early,36,0.18278060294687748,0.31594423949718475,1.1673284341592496,-2.211869716644287,3.7675817012786865,-0.1870659722222222,1.8164337330324936,-0.11033475985965577,-0.013127413127413128
false_pressure_delta,delta_false_pressure,-delta_false_pressure,10,early,36,0.18431682884693146,0.1568823754787445,1.1775517808617917,-2.3190739154815674,2.444488525390625,-0.1870659722222222,1.8164337330324936,0.012780462785374301,0.07207207207207207
false_pressure_delta,delta_false_pressure,-delta_false_pressure,11,early,36,0.11237769863671726,0.028240159153938293,1.340941846641241,-2.7656192779541016,2.2278308868408203,-0.1870659722222222,1.8164337330324936,0.01842556442869135,0.05842985842985843
false_pressure_delta,delta_false_pressure,-delta_false_pressure,12,middle,36,0.11645786671174897,0.3264898359775543,1.170210770149469,-3.4728152751922607,2.051783323287964,-0.1870659722222222,1.8164337330324936,-0.21553549318707252,-0.15315315315315314
false_pressure_delta,delta_false_pressure,-delta_false_pressure,13,middle,36,-0.03860552319222026,-0.0054548755288124084,0.9606139325281976,-2.652541160583496,1.8978512287139893,-0.1870659722222222,1.8164337330324936,-0.19006365228445452,-0.15675675675675677
false_pressure_delta,delta_false_pressure,-delta_false_pressure,14,middle,36,-0.39056309188405675,-0.46919773519039154,1.117476310414099,-2.5138044357299805,2.581965208053589,-0.1870659722222222,1.8164337330324936,-0.047554014175799665,-0.005148005148005148
false_pressure_delta,delta_false_pressure,-delta_false_pressure,15,middle,36,-0.04006992114914788,-0.10263897478580475,1.1580730049942047,-2.8046247959136963,2.2462263107299805,-0.1870659722222222,1.8164337330324936,-0.16726319397351894,-0.06177606177606178
false_pressure_delta,delta_false_pressure,-delta_false_pressure,16,middle,36,-0.055228739976882935,-0.09773975610733032,0.954030879834066,-2.2811360359191895,1.7093161344528198,-0.1870659722222222,1.8164337330324936,0.11875406886723211,0.0918918918918919
false_pressure_delta,delta_false_pressure,-delta_false_pressure,17,middle,36,-0.21985608256525463,-0.2643437832593918,1.037328726035301,-2.687472105026245,1.4079071283340454,-0.1870659722222222,1.8164337330324936,-0.06478855099736834,0.009266409266409266
false_pressure_delta,delta_false_pressure,-delta_false_pressure,18,middle,36,0.1926902871992853,0.2278623878955841,0.892310396598244,-2.1168079376220703,1.9004366397857666,-0.1870659722222222,1.8164337330324936,0.0583656808725315,0.12818532818532818
false_pressure_delta,delta_false_pressure,-delta_false_pressure,19,middle,36,0.2571434633185466,0.21618999540805817,1.0656446219093678,-1.7737922668457031,2.6214075088500977,-0.1870659722222222,1.8164337330324936,-0.2597627492453827,-0.22136422136422138
false_pressure_delta,delta_false_pressure,-delta_false_pressure,20,middle,36,-0.22526334019170868,-0.3384900242090225,0.9485902065718634,-1.615473747253418,2.8053174018859863,-0.1870659722222222,1.8164337330324936,-0.045294509461577384,-0.05868725868725869
false_pressure_delta,delta_false_pressure,-delta_false_pressure,21,middle,36,0.1394695701698462,0.03719332814216614,1.165073343980261,-2.124671459197998,2.939603328704834,-0.1870659722222222,1.8164337330324936,0.2769715076401671,0.25225225225225223
false_pressure_delta,delta_false_pressure,-delta_false_pressure,22,middle,36,0.46903909825616413,0.35743942856788635,1.3098383043906052,-1.8294126987457275,3.302839517593384,-0.1870659722222222,1.8164337330324936,0.024894049634985663,0.023166023166023165
false_pressure_delta,delta_false_pressure,-delta_false_pressure,23,middle,36,-0.0027456076608763803,-0.1741562932729721,1.0974691027014156,-2.4075942039489746,2.3526976108551025,-0.1870659722222222,1.8164337330324936,0.06429964248347293,0.061003861003861
false_pressure_delta,delta_false_pressure,-delta_false_pressure,24,late,36,0.3360086547003852,0.09871544688940048,1.1879866003633113,-1.918103814125061,4.2271223068237305,-0.1870659722222222,1.8164337330324936,0.10940213638349158,0.1534105534105534
false_pressure_delta,delta_false_pressure,-delta_false_pressure,25,late,36,0.24922248969475427,0.07112224400043488,1.1072947398487936,-1.9145342111587524,2.261713981628418,-0.1870659722222222,1.8164337330324936,-0.02229497180107037,0.001287001287001287
false_pressure_delta,delta_false_pressure,-delta_false_pressure,26,late,36,0.05512318635980288,-0.16796863079071045,1.3797327277473368,-3.2134833335876465,3.3274500370025635,-0.1870659722222222,1.8164337330324936,0.1821365274743002,0.16396396396396395
false_pressure_delta,delta_false_pressure,-delta_false_pressure,27,late,36,-0.32763995147413677,-0.16546475887298584,1.2329361695269436,-3.9007842540740967,1.809220790863037,-0.1870659722222222,1.8164337330324936,-0.26056334187352354,-0.09884169884169884
false_pressure_delta,delta_false_pressure,-delta_false_pressure,28,late,36,0.08119664299819204,0.1359397992491722,0.8532574330283975,-1.7048656940460205,2.127471446990967,-0.1870659722222222,1.8164337330324936,0.19803806406281774,0.11866151866151867
false_pressure_delta,delta_false_pressure,-delta_false_pressure,29,late,36,0.011607300076219771,0.1922619342803955,1.284394091172877,-4.490972995758057,2.5613327026367188,-0.1870659722222222,1.8164337330324936,-0.010005849681715414,0.1287001287001287
false_pressure_delta,delta_false_pressure,-delta_false_pressure,30,late,36,-0.15284161186880535,-0.04997182637453079,1.2650653516972186,-3.2373437881469727,2.4830517768859863,-0.1870659722222222,1.8164337330324936,-0.29220487215463953,-0.209009009009009
false_pressure_delta,delta_false_pressure,-delta_false_pressure,31,late,36,-0.03486159029934141,-0.05043022334575653,1.0046191392781207,-2.6691126823425293,2.0377249717712402,-0.1870659722222222,1.8164337330324936,-0.12832107323853206,-0.06975546975546976
false_pressure_delta,delta_false_pressure,-delta_false_pressure,32,late,36,0.08585293280581634,-0.01626407727599144,1.1119043266018087,-2.6037261486053467,2.7989354133605957,-0.1870659722222222,1.8164337330324936,0.3576437093608952,0.3250965250965251
false_pressure_delta,delta_false_pressure,-delta_false_pressure,33,late,36,0.07892250393827756,0.14849785715341568,1.1140617973769085,-2.0774528980255127,2.233402967453003,-0.1870659722222222,1.8164337330324936,-0.26268351184507616,-0.15392535392535392
false_pressure_delta,delta_false_pressure,-delta_false_pressure,34,late,36,-0.29229717060095733,-0.08135351538658142,1.1487973162656948,-3.0158157348632812,1.9755253791809082,-0.1870659722222222,1.8164337330324936,-0.23375283726964427,-0.23526383526383526
false_pressure_delta,delta_false_pressure,-delta_false_pressure,35,late,36,0.018753779845105276,0.051393747329711914,1.172307090106362,-2.7486886978149414,2.5135998725891113,-0.1870659722222222,1.8164337330324936,-0.07882719142518797,-0.05070785070785071
emotional_pressure_delta,delta_emotional_pressure,-delta_emotional_pressure,0,early,36,0.06366040019525422,0.059587039053440094,0.9435340767762767,-2.529601573944092,1.8482763767242432,0.9730902777777778,1.5761109049593773,0.2780629122365667,0.3068211068211068
emotional_pressure_delta,delta_emotional_pressure,-delta_emotional_pressure,1,early,36,-0.11093959419263734,0.025821030139923096,1.0775417736916002,-2.3273587226867676,1.7584271430969238,0.9730902777777778,1.5761109049593773,0.14998624827825152,0.16731016731016732
emotional_pressure_delta,delta_emotional_pressure,-delta_emotional_pressure,2,early,36,-0.12614700777663124,0.22134388983249664,1.0117310498419156,-2.7848243713378906,1.415449619293213,0.9730902777777778,1.5761109049593773,0.2430113483595174,0.26975546975546977
emotional_pressure_delta,delta_emotional_pressure,-delta_emotional_pressure,3,early,36,-0.12655475818448597,-0.014512062072753906,1.2468160023096218,-2.9325881004333496,2.894227981567383,0.9730902777777778,1.5761109049593773,0.35988433748443666,0.262033462033462
emotional_pressure_delta,delta_emotional_pressure,-delta_emotional_pressure,4,early,36,0.12785628189643225,0.07085596024990082,1.1996390886537371,-2.5195775032043457,3.075744390487671,0.9730902777777778,1.5761109049593773,-0.019804337179988498,-0.06795366795366796
emotional_pressure_delta,delta_emotional_pressure,-delta_emotional_pressure,5,early,36,0.0656899321410391,0.21239739656448364,1.2205795448791337,-3.0195605754852295,2.4596729278564453,0.9730902777777778,1.5761109049593773,-0.2408961419867576,-0.26795366795366793
emotional_pressure_delta,delta_emotional_pressure,-delta_emotional_pressure,6,early,36,0.10700496865643395,0.1512083113193512,1.0628223393146101,-2.4447388648986816,2.090510129928589,0.9730902777777778,1.5761109049593773,0.15623148055048303,0.14826254826254825
emotional_pressure_delta,delta_emotional_pressure,-delta_emotional_pressure,7,early,36,0.07520839654737049,0.002375081181526184,1.1862287228355293,-2.0928406715393066,2.59615421295166,0.9730902777777778,1.5761109049593773,-0.06525101184260935,-0.05662805662805663
emotional_pressure_delta,delta_emotional_pressure,-delta_emotional_pressure,8,early,36,0.1729305498301983,0.3688880056142807,1.1449671864746718,-2.6221303939819336,2.0601539611816406,0.9730902777777778,1.5761109049593773,0.06315404885872201,0.047361647361647365
emotional_pressure_delta,delta_emotional_pressure,-delta_emotional_pressure,9,early,36,0.1683100387454033,0.31009557843208313,1.101118001312426,-2.2857303619384766,2.6181211471557617,0.9730902777777778,1.5761109049593773,-0.002528484433514063,0.15418275418275418
emotional_pressure_delta,delta_emotional_pressure,-delta_emotional_pressure,10,early,36,-0.1936500126288997,-0.19398728013038635,1.0108957466767374,-2.633269786834717,1.874466896057129,0.9730902777777778,1.5761109049593773,0.004202221124524029,0.00797940797940798
emotional_pressure_delta,delta_emotional_pressure,-delta_emotional_pressure,11,early,36,0.05269739735457632,0.11692160367965698,1.1331896503386967,-2.995990037918091,2.4996800422668457,0.9730902777777778,1.5761109049593773,-0.08977683836838557,0.03732303732303732
emotional_pressure_delta,delta_emotional_pressure,-delta_emotional_pressure,12,middle,36,-0.25143690779805183,-0.2840888351202011,1.0378816357424052,-2.2090983390808105,2.297813892364502,0.9730902777777778,1.5761109049593773,0.09524248308634031,0.20077220077220076
emotional_pressure_delta,delta_emotional_pressure,-delta_emotional_pressure,13,middle,36,-0.33468777272436356,-0.33908437192440033,1.066306582401167,-2.67706298828125,2.4035089015960693,0.9730902777777778,1.5761109049593773,-0.016602307834048074,-0.018275418275418277
emotional_pressure_delta,delta_emotional_pressure,-delta_emotional_pressure,14,middle,36,-0.0960142258554697,-0.22729986906051636,1.251153770449629,-2.908595323562622,3.2564144134521484,0.9730902777777778,1.5761109049593773,-0.07167078069462232,-0.11325611325611326
emotional_pressure_delta,delta_emotional_pressure,-delta_emotional_pressure,15,middle,36,0.19744220044877794,0.13379087299108505,0.8755319984318545,-1.719373345375061,1.7905322313308716,0.9730902777777778,1.5761109049593773,-0.002335775764973611,0.054826254826254826
emotional_pressure_delta,delta_emotional_pressure,-delta_emotional_pressure,16,middle,36,0.09099737720357047,0.10472118854522705,1.0186348131803526,-2.8047046661376953,1.759972095489502,0.9730902777777778,1.5761109049593773,-0.03476434722263039,-0.0435006435006435
emotional_pressure_delta,delta_emotional_pressure,-delta_emotional_pressure,17,middle,36,0.11598626648386319,0.20332269370555878,0.936524403115352,-2.660402774810791,1.824845314025879,0.9730902777777778,1.5761109049593773,0.29861002195418695,0.244015444015444
emotional_pressure_delta,delta_emotional_pressure,-delta_emotional_pressure,18,middle,36,-0.22903137074576485,-0.23586198687553406,0.8787260644983458,-3.242227554321289,1.5546886920928955,0.9730902777777778,1.5761109049593773,0.16104465274938137,0.16576576576576577
emotional_pressure_delta,delta_emotional_pressure,-delta_emotional_pressure,19,middle,36,-0.17683597116006744,0.01589389145374298,1.1133888984452536,-3.221588373184204,1.930785894393921,0.9730902777777778,1.5761109049593773,0.11871691293793593,0.027541827541827543
emotional_pressure_delta,delta_emotional_pressure,-delta_emotional_pressure,20,middle,36,0.13792344762219322,0.39977316558361053,0.9343652950336281,-1.6583266258239746,1.9166901111602783,0.9730902777777778,1.5761109049593773,0.4422121346604209,0.4643500643500644
emotional_pressure_delta,delta_emotional_pressure,-delta_emotional_pressure,21,middle,36,0.12516750312513775,0.384557843208313,1.1457462397578557,-2.86959171295166,2.424095630645752,0.9730902777777778,1.5761109049593773,0.05863303160320397,-0.0416988416988417
emotional_pressure_delta,delta_emotional_pressure,-delta_emotional_pressure,22,middle,36,0.08222828639878167,0.23784992098808289,1.0718176192201099,-2.2356696128845215,2.4824717044830322,0.9730902777777778,1.5761109049593773,0.08316606459630058,-0.054826254826254826
emotional_pressure_delta,delta_emotional_pressure,-delta_emotional_pressure,23,middle,36,0.4632696521778901,0.37584708631038666,0.9521236924316334,-1.36313796043396,2.6450324058532715,0.9730902777777778,1.5761109049593773,0.2722066358427987,0.3232947232947233
emotional_pressure_delta,delta_emotional_pressure,-delta_emotional_pressure,24,late,36,0.16082483405868211,0.069851815700531,1.0642630507589372,-2.1796114444732666,3.357431411743164,0.9730902777777778,1.5761109049593773,0.3674264277466032,0.14002574002574003
emotional_pressure_delta,delta_emotional_pressure,-delta_emotional_pressure,25,late,36,0.0013173412945535448,0.13161228597164154,1.3010787873211793,-2.4044198989868164,3.2428221702575684,0.9730902777777778,1.5761109049593773,-0.1566910886851831,-0.10682110682110682
emotional_pressure_delta,delta_emotional_pressure,-delta_emotional_pressure,26,late,36,-0.0811372920870781,-0.18969368934631348,1.2366773443256045,-2.916354179382324,2.290196418762207,0.9730902777777778,1.5761109049593773,0.01338391617853166,0.033204633204633204
emotional_pressure_delta,delta_emotional_pressure,-delta_emotional_pressure,27,late,36,0.14457611491282782,0.16377130895853043,1.3250273015121805,-3.4835147857666016,2.7547667026519775,0.9730902777777778,1.5761109049593773,-0.2578814784244714,-0.22316602316602316
emotional_pressure_delta,delta_emotional_pressure,-delta_emotional_pressure,28,late,36,-0.13449058598942226,-0.08374643325805664,1.1741234313060243,-2.5077080726623535,2.4649085998535156,0.9730902777777778,1.5761109049593773,-0.12769849927007523,-0.23268983268983268
emotional_pressure_delta,delta_emotional_pressure,-delta_emotional_pressure,29,late,36,-0.0706513271563583,-0.06615355610847473,0.9949002300997514,-2.0548791885375977,2.3168015480041504,0.9730902777777778,1.5761109049593773,0.024138009016270282,0.001287001287001287
emotional_pressure_delta,delta_emotional_pressure,-delta_emotional_pressure,30,late,36,-0.10680902045634058,-0.18099946528673172,0.9939076037765345,-1.7015267610549927,2.8332595825195312,0.9730902777777778,1.5761109049593773,0.3318376659439923,0.3812097812097812
emotional_pressure_delta,delta_emotional_pressure,-delta_emotional_pressure,31,late,36,0.16270170195235145,0.18262283504009247,1.2582670548794306,-2.7941012382507324,2.968413829803467,0.9730902777777778,1.5761109049593773,-0.02443204831100218,0.10193050193050193
emotional_pressure_delta,delta_emotional_pressure,-delta_emotional_pressure,32,late,36,-0.16049547617634138,-0.284966379404068,1.0309262403285115,-2.026620388031006,2.8149642944335938,0.9730902777777778,1.5761109049593773,0.19683382981977937,0.22625482625482626
emotional_pressure_delta,delta_emotional_pressure,-delta_emotional_pressure,33,late,36,-0.10218922255767716,-0.1444251462817192,1.095047997593598,-2.086440086364746,2.976161003112793,0.9730902777777778,1.5761109049593773,-0.29644222291278705,-0.16833976833976835
emotional_pressure_delta,delta_emotional_pressure,-delta_emotional_pressure,34,late,36,0.1709869619872835,0.15307051688432693,1.1011618673266674,-1.3649345636367798,2.382370948791504,0.9730902777777778,1.5761109049593773,0.18328257257828542,0.023680823680823682
emotional_pressure_delta,delta_emotional_pressure,-delta_emotional_pressure,35,late,36,0.2513623941275809,0.3459564298391342,0.796314130381755,-1.421960473060608,1.644806981086731,0.9730902777777778,1.5761109049593773,-0.08748451730593182,-0.17812097812097813
closed_context_delta,delta_closed_context,-delta_closed_context,0,early,36,0.09576004991928737,0.040813252329826355,1.067613251094635,-2.8728249073028564,2.7849812507629395,1.9487847222222223,2.439759822930535,0.2331340578262953,0.15675675675675677
closed_context_delta,delta_closed_context,-delta_closed_context,1,early,36,0.04562536171740956,0.2634355425834656,1.0869420965291583,-2.362947463989258,2.0376296043395996,1.9487847222222223,2.439759822930535,-0.22055224254695305,-0.16576576576576577
closed_context_delta,delta_closed_context,-delta_closed_context,2,early,36,-0.18957588821649551,-0.06771974265575409,0.9587109656564375,-1.8930448293685913,2.0566461086273193,1.9487847222222223,2.439759822930535,-0.1978498743984233,-0.14954954954954955
closed_context_delta,delta_closed_context,-delta_closed_context,3,early,36,0.025709998690419726,0.03837814927101135,0.7929133113076523,-1.5421864986419678,1.405642032623291,1.9487847222222223,2.439759822930535,-0.22202971608112804,-0.05276705276705277
closed_context_delta,delta_closed_context,-delta_closed_context,4,early,36,0.08280239833725823,0.099111407995224,1.187240886600583,-2.1263697147369385,3.527810573577881,1.9487847222222223,2.439759822930535,-0.18446573058536872,-0.20411840411840412
closed_context_delta,delta_closed_context,-delta_closed_context,5,early,36,0.10500061056680149,0.02916431427001953,1.2529046500138135,-2.6249544620513916,2.893277883529663,1.9487847222222223,2.439759822930535,0.051499253103004766,0.13024453024453025
closed_context_delta,delta_closed_context,-delta_closed_context,6,early,36,-0.11432208617528279,-0.5017233192920685,1.5017902732708979,-3.0407049655914307,4.065157890319824,1.9487847222222223,2.439759822930535,-0.47296943609559733,-0.4800514800514801
closed_context_delta,delta_closed_context,-delta_closed_context,7,early,36,0.09407690250211292,0.21474823355674744,0.9291438161394421,-2.1320090293884277,2.1133975982666016,1.9487847222222223,2.439759822930535,0.13329322797954324,0.13796653796653796
closed_context_delta,delta_closed_context,-delta_closed_context,8,early,36,-0.00921221160226398,-0.05806747078895569,1.0641758961777616,-2.526230573654175,2.0233869552612305,1.9487847222222223,2.439759822930535,-0.12235204929897424,-0.17271557271557272
closed_context_delta,delta_closed_context,-delta_closed_context,9,early,36,0.1183926487962405,0.12461895495653152,0.7685145781542464,-1.7799187898635864,1.8494336605072021,1.9487847222222223,2.439759822930535,-0.05613895059557638,-0.12458172458172458
closed_context_delta,delta_closed_context,-delta_closed_context,10,early,36,0.34386202734377647,0.4017428755760193,1.3111453823369392,-2.92578125,4.1034464836120605,1.9487847222222223,2.439759822930535,-0.13208601756180427,-0.1963963963963964
closed_context_delta,delta_closed_context,-delta_closed_context,11,early,36,0.11505719025929768,0.07306307554244995,1.0492153852297956,-2.2799458503723145,3.04563045501709,1.9487847222222223,2.439759822930535,0.02879631835733951,-0.09111969111969112
closed_context_delta,delta_closed_context,-delta_closed_context,12,middle,36,0.32277287335859406,0.3927534818649292,0.929174345679556,-1.9944846630096436,1.871509313583374,1.9487847222222223,2.439759822930535,-0.0001343276809164777,0.1335907335907336
closed_context_delta,delta_closed_context,-delta_closed_context,13,middle,36,0.08420856131447686,0.06222712993621826,1.1830956168031448,-2.164363145828247,2.815944194793701,1.9487847222222223,2.439759822930535,0.030948237679292213,0.11325611325611326
closed_context_delta,delta_closed_context,-delta_closed_context,14,middle,36,-0.04615674830145306,0.04529660940170288,1.1367710189241784,-3.87717866897583,2.027052402496338,1.9487847222222223,2.439759822930535,0.17637684675667692,0.21904761904761905
closed_context_delta,delta_closed_context,-delta_closed_context,15,middle,36,0.04328811996512943,-0.048067644238471985,1.1777480326381098,-2.2587666511535645,2.3520348072052,1.9487847222222223,2.439759822930535,-0.03519366967933673,0.0005148005148005148
closed_context_delta,delta_closed_context,-delta_closed_context,16,middle,36,0.3892200558135907,0.32759734988212585,1.070666117651478,-1.2360976934432983,2.514448404312134,1.9487847222222223,2.439759822930535,-0.0013620239609352242,0.050965250965250966
closed_context_delta,delta_closed_context,-delta_closed_context,17,middle,36,-0.007349333415428798,0.10219788551330566,1.1043497843437151,-2.231778383255005,2.49711275100708,1.9487847222222223,2.439759822930535,-0.3511407863582154,-0.13256113256113256
closed_context_delta,delta_closed_context,-delta_closed_context,18,middle,36,-0.2233485778172811,-0.2529304027557373,1.210710858853946,-3.7457518577575684,2.2241036891937256,1.9487847222222223,2.439759822930535,-0.13541346163217333,-0.12972972972972974
closed_context_delta,delta_closed_context,-delta_closed_context,19,middle,36,-0.1076998503671752,-0.05148443579673767,1.0264232899754966,-2.2538628578186035,1.697281837463379,1.9487847222222223,2.439759822930535,-0.10819449998416045,0.07361647361647361
closed_context_delta,delta_closed_context,-delta_closed_context,20,middle,36,0.07991845450467533,0.101110078394413,1.0653969051745302,-2.2373430728912354,2.4975452423095703,1.9487847222222223,2.439759822930535,0.1610964369608494,0.04607464607464608
closed_context_delta,delta_closed_context,-delta_closed_context,21,middle,36,-0.182543459865782,-0.08218109607696533,0.9154124127506746,-2.6630966663360596,1.5932780504226685,1.9487847222222223,2.439759822930535,0.30387206184331983,0.16756756756756758
closed_context_delta,delta_closed_context,-delta_closed_context,22,middle,36,0.27757543201247853,0.3452586233615875,1.0619577419011275,-2.4147579669952393,2.232900381088257,1.9487847222222223,2.439759822930535,-0.16766687084060028,-0.18326898326898328
closed_context_delta,delta_closed_context,-delta_closed_context,23,middle,36,0.3365122088127666,0.36267387866973877,1.1721762248242955,-2.220276355743408,3.9899120330810547,1.9487847222222223,2.439759822930535,0.06451614532364672,0.003088803088803089
closed_context_delta,delta_closed_context,-delta_closed_context,24,late,36,0.2305106922156281,0.053598448634147644,1.029685622971089,-1.93861985206604,3.3678739070892334,1.9487847222222223,2.439759822930535,0.3706203711220348,0.20077220077220076
closed_context_delta,delta_closed_context,-delta_closed_context,25,late,36,-0.14510187382499376,-0.21110669523477554,1.2799192114321658,-3.4099392890930176,2.897780418395996,1.9487847222222223,2.439759822930535,0.06482421092079482,0.08957528957528957
closed_context_delta,delta_closed_context,-delta_closed_context,26,late,36,0.06684312596917152,0.07525905966758728,0.9699571198107214,-2.19639253616333,3.37134051322937,1.9487847222222223,2.439759822930535,0.2944705916746963,0.10656370656370656
closed_context_delta,delta_closed_context,-delta_closed_context,27,late,36,-0.14455532199806637,-0.1661539226770401,1.1875909214289422,-3.654017448425293,2.149038553237915,1.9487847222222223,2.439759822930535,-0.300778685205426,-0.11763191763191763
closed_context_delta,delta_closed_context,-delta_closed_context,28,late,36,0.04599033171931902,-0.11288593709468842,1.1883096172765448,-2.5907135009765625,3.2324366569519043,1.9487847222222223,2.439759822930535,0.4988208292590948,0.4751608751608752
closed_context_delta,delta_closed_context,-delta_closed_context,29,late,36,-0.13791828954385388,-0.1462218314409256,1.1053197687690843,-2.203329563140869,2.637958288192749,1.9487847222222223,2.439759822930535,-0.39102764374443627,-0.26640926640926643
closed_context_delta,delta_closed_context,-delta_closed_context,30,late,36,-0.31715398902694386,-0.1936628818511963,1.2093124873326198,-2.575566530227661,3.1569559574127197,1.9487847222222223,2.439759822930535,0.17221089884236948,0.08288288288288288
closed_context_delta,delta_closed_context,-delta_closed_context,31,late,36,-0.32231635931465363,-0.379751518368721,1.0336302049908201,-2.4053828716278076,1.787465214729309,1.9487847222222223,2.439759822930535,-0.31517328830449526,-0.27001287001287
closed_context_delta,delta_closed_context,-delta_closed_context,32,late,36,-0.16877941911419234,0.2434501349925995,1.191675867530835,-4.8551106452941895,1.766038417816162,1.9487847222222223,2.439759822930535,-0.3270722321216369,-0.16216216216216217
closed_context_delta,delta_closed_context,-delta_closed_context,33,late,36,0.3394901342689991,0.26726019382476807,0.7788376235566028,-1.7208058834075928,2.3672335147857666,1.9487847222222223,2.439759822930535,-0.17039419697839064,-0.0749034749034749
closed_context_delta,delta_closed_context,-delta_closed_context,34,late,36,-0.08538032405906254,-0.24213320016860962,1.0401586120093194,-1.9751677513122559,2.585151195526123,1.9487847222222223,2.439759822930535,0.2114866174069571,0.08262548262548262
closed_context_delta,delta_closed_context,-delta_closed_context,35,late,36,0.11308412088288201,0.05317792296409607,1.0554130006069768,-2.163529634475708,2.6431663036346436,1.9487847222222223,2.439759822930535,0.22140407174898583,0.1619047619047619
distractor_delta,delta_distractor,abs(delta_distractor),0,early,36,-0.11610529944300652,-0.13901996612548828,0.9953075478910157,-2.5721499919891357,1.616329550743103,0.7977430555555556,0.5223797932436464,0.042651154536140344,-0.05175743916401828
distractor_delta,delta_distractor,abs(delta_distractor),1,early,36,-0.20298510707086986,-0.11642656475305557,1.1046217382567292,-3.1342501640319824,1.946666955947876,0.7977430555555556,0.5223797932436464,0.05502703281058329,0.06849491949069085
distractor_delta,delta_distractor,abs(delta_distractor),2,early,36,0.28345446868075264,0.3983841687440872,0.8655729998451952,-1.5341944694519043,2.2821176052093506,0.7977430555555556,0.5223797932436464,0.020964328636574943,0.11265611758337311
distractor_delta,delta_distractor,abs(delta_distractor),3,early,36,0.06590455687708324,0.007961764931678772,1.0247034963102615,-1.787009358406067,1.9467016458511353,0.7977430555555556,0.5223797932436464,0.12066269209688722,0.13737608852738184
distractor_delta,delta_distractor,abs(delta_distractor),4,early,36,-0.3230825277666251,-0.3466203063726425,0.8563340544797141,-2.2227776050567627,1.477980136871338,0.7977430555555556,0.5223797932436464,-0.011967151747211136,-0.04699369476334993
distractor_delta,delta_distractor,abs(delta_distractor),5,early,36,0.15444077634149128,0.16300037503242493,1.2223712070563382,-2.049617052078247,3.8733773231506348,0.7977430555555556,0.5223797932436464,-0.0670506587062026,-0.0742886626806929
distractor_delta,delta_distractor,abs(delta_distractor),6,early,36,0.06837898741165797,0.06648452579975128,1.2716114626666597,-3.242560386657715,2.898405075073242,0.7977430555555556,0.5223797932436464,0.26330560529834474,0.22762973244274706
distractor_delta,delta_distractor,abs(delta_distractor),7,early,36,-0.1175634219414658,-0.0010974258184432983,1.036734780864082,-2.7325549125671387,2.2224416732788086,0.7977430555555556,0.5223797932436464,0.052118086121299305,0.011716236228670804
distractor_delta,delta_distractor,abs(delta_distractor),8,early,36,0.03883871725863881,0.002747267484664917,1.1256555606602054,-2.8548011779785156,2.3826379776000977,0.7977430555555556,0.5223797932436464,0.2653227895433999,0.2856959141914342
distractor_delta,delta_distractor,abs(delta_distractor),9,early,36,-0.2757742847833369,-0.2406112179160118,1.120283949971841,-3.110215663909912,1.4201161861419678,0.7977430555555556,0.5223797932436464,0.04528916875821443,0.08433115087669645
distractor_delta,delta_distractor,abs(delta_distractor),10,early,36,0.10267861973908213,0.3011474162340164,1.1632633533667738,-2.544865608215332,2.2929913997650146,0.7977430555555556,0.5223797932436464,-0.0697915966359681,-0.007081241676669167
distractor_delta,delta_distractor,abs(delta_distractor),11,early,36,-0.1148804451028506,-0.15673577785491943,0.8488374055887323,-1.9124832153320312,1.4116542339324951,0.7977430555555556,0.5223797932436464,-0.1296194296362734,-0.07982490617336152
distractor_delta,delta_distractor,abs(delta_distractor),12,middle,36,-0.10607629641890526,-0.28135349601507187,1.0928971299128523,-2.929157257080078,2.1442627906799316,0.7977430555555556,0.5223797932436464,0.04158112912307705,0.06295867599802223
distractor_delta,delta_distractor,abs(delta_distractor),13,middle,36,0.04424909129738808,0.06738506257534027,0.9983809407767069,-1.872412919998169,2.4645309448242188,0.7977430555555556,0.5223797932436464,-0.2530996827202523,-0.21578474636540954
distractor_delta,delta_distractor,abs(delta_distractor),14,middle,36,-0.08978425463040669,-0.02674943208694458,0.9490105521192712,-2.2133007049560547,1.708275556564331,0.7977430555555556,0.5223797932436464,-0.05858478655680484,-0.02613621927934256
distractor_delta,delta_distractor,abs(delta_distractor),15,middle,36,0.3462026160624292,0.1582736372947693,1.0452524492522768,-1.2552204132080078,2.6353909969329834,0.7977430555555556,0.5223797932436464,0.2819982978257338,0.1942835216380686
distractor_delta,delta_distractor,abs(delta_distractor),16,middle,36,0.1042634207341406,0.07737333327531815,0.9516268743028133,-1.8109114170074463,1.9986910820007324,0.7977430555555556,0.5223797932436464,0.023937733315015322,0.06501867357668963
distractor_delta,delta_distractor,abs(delta_distractor),17,middle,36,-0.29333271665705574,-0.4769456684589386,1.1597487019444286,-2.7481801509857178,2.4046192169189453,0.7977430555555556,0.5223797932436464,-0.029197448441810717,-0.08870864573136467
distractor_delta,delta_distractor,abs(delta_distractor),18,middle,36,-0.009461622271272872,-0.12233589589595795,0.9798132194969801,-1.6981022357940674,2.959655284881592,0.7977430555555556,0.5223797932436464,0.19170345760388613,0.24604096080208687
distractor_delta,delta_distractor,abs(delta_distractor),19,middle,36,0.0870203288892905,0.15435191988945007,1.31885488483761,-2.7545132637023926,2.7533857822418213,0.7977430555555556,0.5223797932436464,0.22393160237854293,0.10853612242603833
distractor_delta,delta_distractor,abs(delta_distractor),20,middle,36,-0.22558245642317665,-0.18966805934906006,1.069548836028729,-2.844949245452881,1.8760937452316284,0.7977430555555556,0.5223797932436464,0.02133216292490849,0.006566242282002319
distractor_delta,delta_distractor,abs(delta_distractor),21,middle,36,0.00830976665019989,-0.12090066075325012,1.1190312917662848,-2.378800630569458,2.0311105251312256,0.7977430555555556,0.5223797932436464,0.11752551476659437,-0.03154371292334447
distractor_delta,delta_distractor,abs(delta_distractor),22,middle,36,0.18132665380835533,0.30284418165683746,0.8589168189508092,-1.5769935846328735,1.9402750730514526,0.7977430555555556,0.5223797932436464,0.15595875317931643,0.17394104554872808
distractor_delta,delta_distractor,abs(delta_distractor),23,middle,36,0.16355983540415764,0.16967467963695526,1.0395479903512432,-2.743797779083252,1.9874721765518188,0.7977430555555556,0.5223797932436464,-0.2766164457824903,-0.2977983999661052
distractor_delta,delta_distractor,abs(delta_distractor),24,late,36,0.09190078121092585,-0.029470160603523254,1.3379032764844616,-3.5633716583251953,4.11501407623291,0.7977430555555556,0.5223797932436464,-0.0049293887525700695,0.01879747790533997
distractor_delta,delta_distractor,abs(delta_distractor),25,late,36,0.02854613007770644,-0.20347681641578674,1.157776617854223,-2.1446845531463623,3.381488084793091,0.7977430555555556,0.5223797932436464,-0.1571119798731235,-0.1857860316260656
distractor_delta,delta_distractor,abs(delta_distractor),26,late,36,-0.06521042146616512,0.09674372524023056,0.9615731119887846,-1.9310057163238525,2.0982825756073,0.7977430555555556,0.5223797932436464,0.16750779570662996,0.1358310903433813
distractor_delta,delta_distractor,abs(delta_distractor),27,late,36,-0.4218735160926978,-0.15408526360988617,1.156660047220309,-4.764247894287109,1.1192660331726074,0.7977430555555556,0.5223797932436464,0.23780212097880635,0.309514636194776
distractor_delta,delta_distractor,abs(delta_distractor),28,late,36,0.395023696952396,0.5150735974311829,0.9397860150927447,-1.4928021430969238,2.2636640071868896,0.7977430555555556,0.5223797932436464,0.0492046562905827,0.03167246277201118
distractor_delta,delta_distractor,abs(delta_distractor),29,late,36,0.42621521941489643,0.4951550364494324,0.9151291984362834,-1.2671911716461182,2.3542184829711914,0.7977430555555556,0.5223797932436464,0.05375847849691262,0.11690486258937462
distractor_delta,delta_distractor,abs(delta_distractor),30,late,36,-0.49586641581522095,-0.2649138420820236,1.002244302060034,-2.8574604988098145,2.2857532501220703,0.7977430555555556,0.5223797932436464,-0.11650138876018078,-0.08239990314669576
distractor_delta,delta_distractor,abs(delta_distractor),31,late,36,0.0188433900475502,-0.07300521433353424,1.0818557132651492,-2.1199021339416504,2.8294804096221924,0.7977430555555556,0.5223797932436464,-0.054045843828141954,-0.10068238165736888
distractor_delta,delta_distractor,abs(delta_distractor),32,late,36,0.09323910789357291,-0.23586533963680267,1.3095273618743095,-1.821614384651184,4.200484752655029,0.7977430555555556,0.5223797932436464,0.027431065437271973,0.1337710927647139
distractor_delta,delta_distractor,abs(delta_distractor),33,late,36,0.10093339615397984,0.1807517111301422,1.0982008419959355,-2.4308295249938965,2.2884819507598877,0.7977430555555556,0.5223797932436464,0.18747427558973415,0.03901120414601378
distractor_delta,delta_distractor,abs(delta_distractor),34,late,36,-0.24228161366449463,-0.29971082508563995,1.1939594759638124,-2.4782118797302246,2.608380079269409,0.7977430555555556,0.5223797932436464,0.07256869109508944,0.00360499576266794
distractor_delta,delta_distractor,abs(delta_distractor),35,late,36,0.05791426201661428,-0.08821970224380493,1.0089873165793986,-1.5592448711395264,1.9063999652862549,0.7977430555555556,0.5223797932436464,0.08617262779818684,0.07518991162135988
