subset_key,subset_label,layer_index,delta_type,n_families,mean_delta_norm,median_delta_norm
all_8_families,all 8 families,0,false_pressure_delta,8,0.1426587589085102,0.1471310630440712
all_8_families,all 8 families,0,emotional_pressure_delta,8,0.17872962169349194,0.17097391933202744
all_8_families,all 8 families,0,true_pressure_delta,8,0.13343309797346592,0.12901738286018372
all_8_families,all 8 families,0,distractor_delta,8,0.31036123260855675,0.3030603528022766
all_8_families,all 8 families,0,closed_context_delta,8,0.25005115382373333,0.2518690824508667
all_8_families,all 8 families,1,false_pressure_delta,8,0.5535349249839783,0.5462506413459778
all_8_families,all 8 families,1,emotional_pressure_delta,8,0.5829150080680847,0.5640667974948883
all_8_families,all 8 families,1,true_pressure_delta,8,0.5287933275103569,0.5248486697673798
all_8_families,all 8 families,1,distractor_delta,8,0.6709177419543266,0.6669861376285553
all_8_families,all 8 families,1,closed_context_delta,8,0.9490637481212616,0.9643774926662445
all_8_families,all 8 families,2,false_pressure_delta,8,1.119471937417984,1.119951069355011
all_8_families,all 8 families,2,emotional_pressure_delta,8,1.1564950197935104,1.1636226773262024
all_8_families,all 8 families,2,true_pressure_delta,8,1.0812889337539673,1.0713644623756409
all_8_families,all 8 families,2,distractor_delta,8,1.0258575975894928,1.0139936804771423
all_8_families,all 8 families,2,closed_context_delta,8,1.8692239969968796,1.9101526737213135
all_8_families,all 8 families,3,false_pressure_delta,8,1.593383178114891,1.6038099527359009
all_8_families,all 8 families,3,emotional_pressure_delta,8,1.702181652188301,1.6918434500694275
all_8_families,all 8 families,3,true_pressure_delta,8,1.596045434474945,1.589840829372406
all_8_families,all 8 families,3,distractor_delta,8,1.421895146369934,1.4050163626670837
all_8_families,all 8 families,3,closed_context_delta,8,2.5782302618026733,2.585086464881897
all_8_families,all 8 families,4,false_pressure_delta,8,1.6464576870203018,1.637451708316803
all_8_families,all 8 families,4,emotional_pressure_delta,8,1.750590294599533,1.739772915840149
all_8_families,all 8 families,4,true_pressure_delta,8,1.6675060391426086,1.6695166230201721
all_8_families,all 8 families,4,distractor_delta,8,1.5509458631277084,1.5309798121452332
all_8_families,all 8 families,4,closed_context_delta,8,2.7277603447437286,2.716251850128174
all_8_families,all 8 families,5,false_pressure_delta,8,2.356358528137207,2.335031270980835
all_8_families,all 8 families,5,emotional_pressure_delta,8,2.413921684026718,2.3968334197998047
all_8_families,all 8 families,5,true_pressure_delta,8,2.374668300151825,2.396221399307251
all_8_families,all 8 families,5,distractor_delta,8,2.2266151010990143,2.218320369720459
all_8_families,all 8 families,5,closed_context_delta,8,3.5638294517993927,3.611994743347168
all_8_families,all 8 families,6,false_pressure_delta,8,3.2382148802280426,3.2630800008773804
all_8_families,all 8 families,6,emotional_pressure_delta,8,3.1636605262756348,3.167081117630005
all_8_families,all 8 families,6,true_pressure_delta,8,3.3242195546627045,3.3452600240707397
all_8_families,all 8 families,6,distractor_delta,8,2.920008033514023,2.8884434700012207
all_8_families,all 8 families,6,closed_context_delta,8,4.945556998252869,4.939377546310425
all_8_families,all 8 families,7,false_pressure_delta,8,4.343441486358643,4.351681232452393
all_8_families,all 8 families,7,emotional_pressure_delta,8,4.195192128419876,4.2042624950408936
all_8_families,all 8 families,7,true_pressure_delta,8,4.402019917964935,4.4338297843933105
all_8_families,all 8 families,7,distractor_delta,8,4.905287683010101,4.970538139343262
all_8_families,all 8 families,7,closed_context_delta,8,6.813299655914307,6.786908864974976
all_8_families,all 8 families,8,false_pressure_delta,8,6.794580161571503,6.691490888595581
all_8_families,all 8 families,8,emotional_pressure_delta,8,7.078713536262512,7.041743278503418
all_8_families,all 8 families,8,true_pressure_delta,8,6.461045026779175,6.4962828159332275
all_8_families,all 8 families,8,distractor_delta,8,7.3296560645103455,7.376121520996094
all_8_families,all 8 families,8,closed_context_delta,8,9.328068971633911,9.309317111968994
all_8_families,all 8 families,9,false_pressure_delta,8,10.481949925422668,10.567935943603516
all_8_families,all 8 families,9,emotional_pressure_delta,8,10.99499499797821,10.783174991607666
all_8_families,all 8 families,9,true_pressure_delta,8,10.044339895248413,10.041524410247803
all_8_families,all 8 families,9,distractor_delta,8,10.625479340553284,10.721291065216064
all_8_families,all 8 families,9,closed_context_delta,8,14.838409185409546,14.791304588317871
all_8_families,all 8 families,10,false_pressure_delta,8,12.990699529647827,12.83461856842041
all_8_families,all 8 families,10,emotional_pressure_delta,8,13.424495100975037,13.435582637786865
all_8_families,all 8 families,10,true_pressure_delta,8,12.529494047164917,12.368087768554688
all_8_families,all 8 families,10,distractor_delta,8,13.838595509529114,13.861447811126709
all_8_families,all 8 families,10,closed_context_delta,8,19.48689365386963,19.38117504119873
all_8_families,all 8 families,11,false_pressure_delta,8,16.203588366508484,16.196279525756836
all_8_families,all 8 families,11,emotional_pressure_delta,8,16.368453860282898,16.489669799804688
all_8_families,all 8 families,11,true_pressure_delta,8,15.790667176246643,15.719964027404785
all_8_families,all 8 families,11,distractor_delta,8,16.676886200904846,16.608821868896484
all_8_families,all 8 families,11,closed_context_delta,8,23.865970134735107,23.85029125213623
all_8_families,all 8 families,12,false_pressure_delta,8,20.86547088623047,20.85341167449951
all_8_families,all 8 families,12,emotional_pressure_delta,8,20.28329563140869,19.876434326171875
all_8_families,all 8 families,12,true_pressure_delta,8,20.72397756576538,20.53670024871826
all_8_families,all 8 families,12,distractor_delta,8,19.879181623458862,19.76535701751709
all_8_families,all 8 families,12,closed_context_delta,8,29.31888723373413,29.366243362426758
all_8_families,all 8 families,13,false_pressure_delta,8,26.699478149414062,26.717615127563477
all_8_families,all 8 families,13,emotional_pressure_delta,8,24.71727967262268,24.427197456359863
all_8_families,all 8 families,13,true_pressure_delta,8,26.36211585998535,26.122889518737793
all_8_families,all 8 families,13,distractor_delta,8,23.696223497390747,23.762337684631348
all_8_families,all 8 families,13,closed_context_delta,8,36.531461238861084,36.251060485839844
all_8_families,all 8 families,14,false_pressure_delta,8,30.808549880981445,30.7919921875
all_8_families,all 8 families,14,emotional_pressure_delta,8,28.945319414138794,29.11115264892578
all_8_families,all 8 families,14,true_pressure_delta,8,30.493879079818726,30.105732917785645
all_8_families,all 8 families,14,distractor_delta,8,28.638470888137817,27.8259334564209
all_8_families,all 8 families,14,closed_context_delta,8,43.999462604522705,44.22118949890137
all_8_families,all 8 families,15,false_pressure_delta,8,38.44035053253174,38.52279090881348
all_8_families,all 8 families,15,emotional_pressure_delta,8,36.26723909378052,36.14463996887207
all_8_families,all 8 families,15,true_pressure_delta,8,39.02491044998169,39.05638122558594
all_8_families,all 8 families,15,distractor_delta,8,35.222801208496094,34.581085205078125
all_8_families,all 8 families,15,closed_context_delta,8,53.56165266036987,53.16735649108887
all_8_families,all 8 families,16,false_pressure_delta,8,54.03421688079834,53.11209487915039
all_8_families,all 8 families,16,emotional_pressure_delta,8,45.88993740081787,45.925724029541016
all_8_families,all 8 families,16,true_pressure_delta,8,54.46674299240112,54.98016166687012
all_8_families,all 8 families,16,distractor_delta,8,44.87686824798584,44.1069221496582
all_8_families,all 8 families,16,closed_context_delta,8,71.07821655273438,68.60391998291016
all_8_families,all 8 families,17,false_pressure_delta,8,74.74045944213867,73.40549087524414
all_8_families,all 8 families,17,emotional_pressure_delta,8,66.67908477783203,66.98937225341797
all_8_families,all 8 families,17,true_pressure_delta,8,79.95476722717285,79.21717834472656
all_8_families,all 8 families,17,distractor_delta,8,64.4365668296814,66.14175415039062
all_8_families,all 8 families,17,closed_context_delta,8,98.34204959869385,95.56428146362305
all_8_families,all 8 families,18,false_pressure_delta,8,98.47347354888916,95.31793975830078
all_8_families,all 8 families,18,emotional_pressure_delta,8,84.12309074401855,83.56425857543945
all_8_families,all 8 families,18,true_pressure_delta,8,105.27363586425781,103.48506927490234
all_8_families,all 8 families,18,distractor_delta,8,80.76487827301025,83.32497024536133
all_8_families,all 8 families,18,closed_context_delta,8,128.0557985305786,126.77715301513672
all_8_families,all 8 families,19,false_pressure_delta,8,124.9089527130127,124.41673278808594
all_8_families,all 8 families,19,emotional_pressure_delta,8,106.53783512115479,108.39946746826172
all_8_families,all 8 families,19,true_pressure_delta,8,135.2961072921753,133.25214385986328
all_8_families,all 8 families,19,distractor_delta,8,101.38784408569336,103.63382339477539
all_8_families,all 8 families,19,closed_context_delta,8,162.58919143676758,162.15750122070312
all_8_families,all 8 families,20,false_pressure_delta,8,153.2642593383789,149.60842895507812
all_8_families,all 8 families,20,emotional_pressure_delta,8,127.7194595336914,129.53195190429688
all_8_families,all 8 families,20,true_pressure_delta,8,166.11405563354492,162.09371185302734
all_8_families,all 8 families,20,distractor_delta,8,127.1924695968628,125.80672073364258
all_8_families,all 8 families,20,closed_context_delta,8,200.1297435760498,198.40744018554688
all_8_families,all 8 families,21,false_pressure_delta,8,201.2899341583252,201.16541290283203
all_8_families,all 8 families,21,emotional_pressure_delta,8,161.55524063110352,163.00791931152344
all_8_families,all 8 families,21,true_pressure_delta,8,222.6298770904541,218.0699005126953
all_8_families,all 8 families,21,distractor_delta,8,161.0185031890869,152.45765686035156
all_8_families,all 8 families,21,closed_context_delta,8,259.98411750793457,257.2436828613281
all_8_families,all 8 families,22,false_pressure_delta,8,235.11471366882324,232.80098724365234
all_8_families,all 8 families,22,emotional_pressure_delta,8,192.50465202331543,196.97189331054688
all_8_families,all 8 families,22,true_pressure_delta,8,261.1127166748047,252.62035369873047
all_8_families,all 8 families,22,distractor_delta,8,187.3865852355957,176.86166381835938
all_8_families,all 8 families,22,closed_context_delta,8,310.48093032836914,308.4805450439453
all_8_families,all 8 families,23,false_pressure_delta,8,281.7435493469238,278.8376922607422
all_8_families,all 8 families,23,emotional_pressure_delta,8,234.84960746765137,241.92355346679688
all_8_families,all 8 families,23,true_pressure_delta,8,314.4790153503418,300.21624755859375
all_8_families,all 8 families,23,distractor_delta,8,227.8286247253418,215.1735610961914
all_8_families,all 8 families,23,closed_context_delta,8,377.3614196777344,377.96209716796875
all_8_families,all 8 families,24,false_pressure_delta,8,330.4673385620117,333.46189880371094
all_8_families,all 8 families,24,emotional_pressure_delta,8,284.52923583984375,293.0857238769531
all_8_families,all 8 families,24,true_pressure_delta,8,373.2515563964844,357.0599365234375
all_8_families,all 8 families,24,distractor_delta,8,270.8783435821533,260.3201599121094
all_8_families,all 8 families,24,closed_context_delta,8,453.0450744628906,450.7178955078125
all_8_families,all 8 families,25,false_pressure_delta,8,383.83165740966797,391.06524658203125
all_8_families,all 8 families,25,emotional_pressure_delta,8,326.1112174987793,333.5103454589844
all_8_families,all 8 families,25,true_pressure_delta,8,427.61168670654297,412.2229461669922
all_8_families,all 8 families,25,distractor_delta,8,318.28111457824707,313.36248779296875
all_8_families,all 8 families,25,closed_context_delta,8,526.1157073974609,528.0248413085938
all_8_families,all 8 families,26,false_pressure_delta,8,434.0867385864258,441.7809295654297
all_8_families,all 8 families,26,emotional_pressure_delta,8,376.2386283874512,379.4114074707031
all_8_families,all 8 families,26,true_pressure_delta,8,477.3291435241699,464.88389587402344
all_8_families,all 8 families,26,distractor_delta,8,351.77289962768555,347.53367614746094
all_8_families,all 8 families,26,closed_context_delta,8,596.9769821166992,589.1148986816406
all_8_families,all 8 families,27,false_pressure_delta,8,30.364041090011597,30.445183753967285
all_8_families,all 8 families,27,emotional_pressure_delta,8,26.440298318862915,27.079221725463867
all_8_families,all 8 families,27,true_pressure_delta,8,33.095999002456665,32.56852149963379
all_8_families,all 8 families,27,distractor_delta,8,23.311626195907593,23.078651428222656
all_8_families,all 8 families,27,closed_context_delta,8,39.46235466003418,38.827659606933594
excluding_policy_library_checkout_003,excluding policy_library_checkout_003,0,false_pressure_delta,7,0.1404510076556887,0.14554697275161743
excluding_policy_library_checkout_003,excluding policy_library_checkout_003,0,emotional_pressure_delta,7,0.18010000245911734,0.1728108823299408
excluding_policy_library_checkout_003,excluding policy_library_checkout_003,0,true_pressure_delta,7,0.1350954111133303,0.1311214715242386
excluding_policy_library_checkout_003,excluding policy_library_checkout_003,0,distractor_delta,7,0.31168520024844576,0.3050272464752197
excluding_policy_library_checkout_003,excluding policy_library_checkout_003,0,closed_context_delta,7,0.2459654744182314,0.24913418292999268
excluding_policy_library_checkout_003,excluding policy_library_checkout_003,1,false_pressure_delta,7,0.5485821451459613,0.5363255143165588
excluding_policy_library_checkout_003,excluding policy_library_checkout_003,1,emotional_pressure_delta,7,0.5837289009775434,0.5626384615898132
excluding_policy_library_checkout_003,excluding policy_library_checkout_003,1,true_pressure_delta,7,0.532332820551736,0.5356124639511108
excluding_policy_library_checkout_003,excluding policy_library_checkout_003,1,distractor_delta,7,0.677031397819519,0.6728581190109253
excluding_policy_library_checkout_003,excluding policy_library_checkout_003,1,closed_context_delta,7,0.9413505622318813,0.9519641399383545
excluding_policy_library_checkout_003,excluding policy_library_checkout_003,2,false_pressure_delta,7,1.1177878890718733,1.1086418628692627
excluding_policy_library_checkout_003,excluding policy_library_checkout_003,2,emotional_pressure_delta,7,1.1611709083829607,1.1683275699615479
excluding_policy_library_checkout_003,excluding policy_library_checkout_003,2,true_pressure_delta,7,1.0853574957166399,1.0804258584976196
excluding_policy_library_checkout_003,excluding policy_library_checkout_003,2,distractor_delta,7,1.034413525036403,1.0164331197738647
excluding_policy_library_checkout_003,excluding policy_library_checkout_003,2,closed_context_delta,7,1.8483139617102486,1.8643361330032349
excluding_policy_library_checkout_003,excluding policy_library_checkout_003,3,false_pressure_delta,7,1.5811122485569544,1.5770549774169922
excluding_policy_library_checkout_003,excluding policy_library_checkout_003,3,emotional_pressure_delta,7,1.6949767555509294,1.682054042816162
excluding_policy_library_checkout_003,excluding policy_library_checkout_003,3,true_pressure_delta,7,1.594372034072876,1.5719224214553833
excluding_policy_library_checkout_003,excluding policy_library_checkout_003,3,distractor_delta,7,1.4278169018881661,1.406663417816162
excluding_policy_library_checkout_003,excluding policy_library_checkout_003,3,closed_context_delta,7,2.5543278626033237,2.561685800552368
excluding_policy_library_checkout_003,excluding policy_library_checkout_003,4,false_pressure_delta,7,1.6316608020237513,1.6228450536727905
excluding_policy_library_checkout_003,excluding policy_library_checkout_003,4,emotional_pressure_delta,7,1.7405808142253332,1.736393928527832
excluding_policy_library_checkout_003,excluding policy_library_checkout_003,4,true_pressure_delta,7,1.6718316759381975,1.6803314685821533
excluding_policy_library_checkout_003,excluding policy_library_checkout_003,4,distractor_delta,7,1.565529499735151,1.5366843938827515
excluding_policy_library_checkout_003,excluding policy_library_checkout_003,4,closed_context_delta,7,2.7071922506604875,2.6977360248565674
excluding_policy_library_checkout_003,excluding policy_library_checkout_003,5,false_pressure_delta,7,2.330922637666975,2.3203680515289307
excluding_policy_library_checkout_003,excluding policy_library_checkout_003,5,emotional_pressure_delta,7,2.40110673223223,2.384909152984619
excluding_policy_library_checkout_003,excluding policy_library_checkout_003,5,true_pressure_delta,7,2.3748298372541154,2.3972203731536865
excluding_policy_library_checkout_003,excluding policy_library_checkout_003,5,distractor_delta,7,2.228433540889195,2.222754716873169
excluding_policy_library_checkout_003,excluding policy_library_checkout_003,5,closed_context_delta,7,3.5410513196672713,3.5970921516418457
excluding_policy_library_checkout_003,excluding policy_library_checkout_003,6,false_pressure_delta,7,3.218787499836513,3.234156847000122
excluding_policy_library_checkout_003,excluding policy_library_checkout_003,6,emotional_pressure_delta,7,3.1584291458129883,3.1420528888702393
excluding_policy_library_checkout_003,excluding policy_library_checkout_003,6,true_pressure_delta,7,3.3390049593789235,3.3514034748077393
excluding_policy_library_checkout_003,excluding policy_library_checkout_003,6,distractor_delta,7,2.927403347832816,2.902280569076538
excluding_policy_library_checkout_003,excluding policy_library_checkout_003,6,closed_context_delta,7,4.947593893323626,4.947456359863281
excluding_policy_library_checkout_003,excluding policy_library_checkout_003,7,false_pressure_delta,7,4.332786696297782,4.29128360748291
excluding_policy_library_checkout_003,excluding policy_library_checkout_003,7,emotional_pressure_delta,7,4.198286158697946,4.209887981414795
excluding_policy_library_checkout_003,excluding policy_library_checkout_003,7,true_pressure_delta,7,4.42695461000715,4.463712692260742
excluding_policy_library_checkout_003,excluding policy_library_checkout_003,7,distractor_delta,7,4.925353935786656,4.998940467834473
excluding_policy_library_checkout_003,excluding policy_library_checkout_003,7,closed_context_delta,7,6.8580891745431085,6.8138041496276855
excluding_policy_library_checkout_003,excluding policy_library_checkout_003,8,false_pressure_delta,7,6.816860130855015,6.7338666915893555
excluding_policy_library_checkout_003,excluding policy_library_checkout_003,8,emotional_pressure_delta,7,7.065843854631696,6.9970221519470215
excluding_policy_library_checkout_003,excluding policy_library_checkout_003,8,true_pressure_delta,7,6.497817856924875,6.503643989562988
excluding_policy_library_checkout_003,excluding policy_library_checkout_003,8,distractor_delta,7,7.321236678532192,7.36460018157959
excluding_policy_library_checkout_003,excluding policy_library_checkout_003,8,closed_context_delta,7,9.378315244402204,9.334259986877441
excluding_policy_library_checkout_003,excluding policy_library_checkout_003,9,false_pressure_delta,7,10.546269416809082,10.631861686706543
excluding_policy_library_checkout_003,excluding policy_library_checkout_003,9,emotional_pressure_delta,7,10.937905447823661,10.632761001586914
excluding_policy_library_checkout_003,excluding policy_library_checkout_003,9,true_pressure_delta,7,10.119048936026436,10.200586318969727
excluding_policy_library_checkout_003,excluding policy_library_checkout_003,9,distractor_delta,7,10.58621883392334,10.643477439880371
excluding_policy_library_checkout_003,excluding policy_library_checkout_003,9,closed_context_delta,7,14.876957212175641,14.874831199645996
excluding_policy_library_checkout_003,excluding policy_library_checkout_003,10,false_pressure_delta,7,13.040460177830287,12.917197227478027
excluding_policy_library_checkout_003,excluding policy_library_checkout_003,10,emotional_pressure_delta,7,13.340417725699288,13.307563781738281
excluding_policy_library_checkout_003,excluding policy_library_checkout_003,10,true_pressure_delta,7,12.599534579685756,12.45333480834961
excluding_policy_library_checkout_003,excluding policy_library_checkout_003,10,distractor_delta,7,13.754326956612724,13.857171058654785
excluding_policy_library_checkout_003,excluding policy_library_checkout_003,10,closed_context_delta,7,19.504500525338308,19.398704528808594
excluding_policy_library_checkout_003,excluding policy_library_checkout_003,11,false_pressure_delta,7,16.22694492340088,16.352466583251953
excluding_policy_library_checkout_003,excluding policy_library_checkout_003,11,emotional_pressure_delta,7,16.218116896493093,16.259328842163086
excluding_policy_library_checkout_003,excluding policy_library_checkout_003,11,true_pressure_delta,7,15.834240640912737,15.952628135681152
excluding_policy_library_checkout_003,excluding policy_library_checkout_003,11,distractor_delta,7,16.536058289664133,16.552555084228516
excluding_policy_library_checkout_003,excluding policy_library_checkout_003,11,closed_context_delta,7,23.86765616280692,23.84641456604004
excluding_policy_library_checkout_003,excluding policy_library_checkout_003,12,false_pressure_delta,7,20.876461574009486,20.91828727722168
excluding_policy_library_checkout_003,excluding policy_library_checkout_003,12,emotional_pressure_delta,7,20.12067767551967,19.874038696289062
excluding_policy_library_checkout_003,excluding policy_library_checkout_003,12,true_pressure_delta,7,20.78483990260533,20.57046127319336
excluding_policy_library_checkout_003,excluding policy_library_checkout_003,12,distractor_delta,7,19.722811562674387,19.711956024169922
excluding_policy_library_checkout_003,excluding policy_library_checkout_003,12,closed_context_delta,7,29.26084954398019,29.033950805664062
excluding_policy_library_checkout_003,excluding policy_library_checkout_003,13,false_pressure_delta,7,26.745667048863,26.721433639526367
excluding_policy_library_checkout_003,excluding policy_library_checkout_003,13,emotional_pressure_delta,7,24.52222224644252,24.098783493041992
excluding_policy_library_checkout_003,excluding policy_library_checkout_003,13,true_pressure_delta,7,26.421756471906388,26.20823860168457
excluding_policy_library_checkout_003,excluding policy_library_checkout_003,13,distractor_delta,7,23.484718322753906,23.554885864257812
excluding_policy_library_checkout_003,excluding policy_library_checkout_003,13,closed_context_delta,7,36.36462674822126,36.20292282104492
excluding_policy_library_checkout_003,excluding policy_library_checkout_003,14,false_pressure_delta,7,30.87101173400879,31.148242950439453
excluding_policy_library_checkout_003,excluding policy_library_checkout_003,14,emotional_pressure_delta,7,28.8164918082101,28.377084732055664
excluding_policy_library_checkout_003,excluding policy_library_checkout_003,14,true_pressure_delta,7,30.554993220738,30.1453857421875
excluding_policy_library_checkout_003,excluding policy_library_checkout_003,14,distractor_delta,7,28.377905436924525,27.681987762451172
excluding_policy_library_checkout_003,excluding policy_library_checkout_003,14,closed_context_delta,7,43.781460353306365,43.784950256347656
excluding_policy_library_checkout_003,excluding policy_library_checkout_003,15,false_pressure_delta,7,38.48856571742466,38.65913009643555
excluding_policy_library_checkout_003,excluding policy_library_checkout_003,15,emotional_pressure_delta,7,36.18622589111328,35.45494842529297
excluding_policy_library_checkout_003,excluding policy_library_checkout_003,15,true_pressure_delta,7,39.27239499773298,39.11317443847656
excluding_policy_library_checkout_003,excluding policy_library_checkout_003,15,distractor_delta,7,34.962027413504465,34.462371826171875
excluding_policy_library_checkout_003,excluding policy_library_checkout_003,15,closed_context_delta,7,53.484300885881694,52.231597900390625
excluding_policy_library_checkout_003,excluding policy_library_checkout_003,16,false_pressure_delta,7,54.37456675938198,53.38499450683594
excluding_policy_library_checkout_003,excluding policy_library_checkout_003,16,emotional_pressure_delta,7,45.822801317487446,45.49155807495117
excluding_policy_library_checkout_003,excluding policy_library_checkout_003,16,true_pressure_delta,7,55.25042997087751,55.730201721191406
excluding_policy_library_checkout_003,excluding policy_library_checkout_003,16,distractor_delta,7,44.536607469831196,43.60956573486328
excluding_policy_library_checkout_003,excluding policy_library_checkout_003,16,closed_context_delta,7,71.55438450404576,68.8950424194336
excluding_policy_library_checkout_003,excluding policy_library_checkout_003,17,false_pressure_delta,7,75.10843876429966,74.48358917236328
excluding_policy_library_checkout_003,excluding policy_library_checkout_003,17,emotional_pressure_delta,7,66.4857907976423,65.94660186767578
excluding_policy_library_checkout_003,excluding policy_library_checkout_003,17,true_pressure_delta,7,80.35149928501674,79.3945541381836
excluding_policy_library_checkout_003,excluding policy_library_checkout_003,17,distractor_delta,7,64.08872386387416,65.41204071044922
excluding_policy_library_checkout_003,excluding policy_library_checkout_003,17,closed_context_delta,7,98.8019300188337,96.00567626953125
excluding_policy_library_checkout_003,excluding policy_library_checkout_003,18,false_pressure_delta,7,98.68522208077567,93.64464569091797
excluding_policy_library_checkout_003,excluding policy_library_checkout_003,18,emotional_pressure_delta,7,83.69539860316685,83.18992614746094
excluding_policy_library_checkout_003,excluding policy_library_checkout_003,18,true_pressure_delta,7,105.63941192626953,104.2569351196289
excluding_policy_library_checkout_003,excluding policy_library_checkout_003,18,distractor_delta,7,79.86360713413784,81.5230712890625
excluding_policy_library_checkout_003,excluding policy_library_checkout_003,18,closed_context_delta,7,128.8138209751674,128.17774963378906
excluding_policy_library_checkout_003,excluding policy_library_checkout_003,19,false_pressure_delta,7,124.38856942313058,120.28182983398438
excluding_policy_library_checkout_003,excluding policy_library_checkout_003,19,emotional_pressure_delta,7,105.8667482648577,106.86260986328125
excluding_policy_library_checkout_003,excluding policy_library_checkout_003,19,true_pressure_delta,7,134.15736716134208,132.0778350830078
excluding_policy_library_checkout_003,excluding policy_library_checkout_003,19,distractor_delta,7,99.24018096923828,102.5103759765625
excluding_policy_library_checkout_003,excluding policy_library_checkout_003,19,closed_context_delta,7,162.6827872140067,162.3809814453125
excluding_policy_library_checkout_003,excluding policy_library_checkout_003,20,false_pressure_delta,7,151.7397242954799,145.91500854492188
excluding_policy_library_checkout_003,excluding policy_library_checkout_003,20,emotional_pressure_delta,7,126.6776624407087,128.4049530029297
excluding_policy_library_checkout_003,excluding policy_library_checkout_003,20,true_pressure_delta,7,163.96497235979353,161.3169403076172
excluding_policy_library_checkout_003,excluding policy_library_checkout_003,20,distractor_delta,7,122.75696563720703,124.16558837890625
excluding_policy_library_checkout_003,excluding policy_library_checkout_003,20,closed_context_delta,7,199.93963623046875,197.53768920898438
excluding_policy_library_checkout_003,excluding policy_library_checkout_003,21,false_pressure_delta,7,200.83698163713728,200.75865173339844
excluding_policy_library_checkout_003,excluding policy_library_checkout_003,21,emotional_pressure_delta,7,159.75070190429688,161.41688537597656
excluding_policy_library_checkout_003,excluding policy_library_checkout_003,21,true_pressure_delta,7,210.97794669015067,217.94338989257812
excluding_policy_library_checkout_003,excluding policy_library_checkout_003,21,distractor_delta,7,150.98736136300224,151.20867919921875
excluding_policy_library_checkout_003,excluding policy_library_checkout_003,21,closed_context_delta,7,261.91177804129467,266.4444885253906
excluding_policy_library_checkout_003,excluding policy_library_checkout_003,22,false_pressure_delta,7,233.39664132254464,229.01156616210938
excluding_policy_library_checkout_003,excluding policy_library_checkout_003,22,emotional_pressure_delta,7,191.22680010114397,196.59507751464844
excluding_policy_library_checkout_003,excluding policy_library_checkout_003,22,true_pressure_delta,7,248.2571018763951,251.33294677734375
excluding_policy_library_checkout_003,excluding policy_library_checkout_003,22,distractor_delta,7,175.99915422712053,173.7239227294922
excluding_policy_library_checkout_003,excluding policy_library_checkout_003,22,closed_context_delta,7,312.8341326032366,314.6634216308594
excluding_policy_library_checkout_003,excluding policy_library_checkout_003,23,false_pressure_delta,7,279.6957310267857,275.7236633300781
excluding_policy_library_checkout_003,excluding policy_library_checkout_003,23,emotional_pressure_delta,7,233.50471932547433,240.78350830078125
excluding_policy_library_checkout_003,excluding policy_library_checkout_003,23,true_pressure_delta,7,298.4767368861607,299.4989929199219
excluding_policy_library_checkout_003,excluding policy_library_checkout_003,23,distractor_delta,7,213.90482439313615,210.62791442871094
excluding_policy_library_checkout_003,excluding policy_library_checkout_003,23,closed_context_delta,7,380.73485020228793,386.566650390625
excluding_policy_library_checkout_003,excluding policy_library_checkout_003,24,false_pressure_delta,7,329.21956961495533,331.18658447265625
excluding_policy_library_checkout_003,excluding policy_library_checkout_003,24,emotional_pressure_delta,7,283.7986624581473,296.5281982421875
excluding_policy_library_checkout_003,excluding policy_library_checkout_003,24,true_pressure_delta,7,355.4653102329799,355.40838623046875
excluding_policy_library_checkout_003,excluding policy_library_checkout_003,24,distractor_delta,7,254.6499306815011,259.5545959472656
excluding_policy_library_checkout_003,excluding policy_library_checkout_003,24,closed_context_delta,7,457.31004115513394,457.68182373046875
excluding_policy_library_checkout_003,excluding policy_library_checkout_003,25,false_pressure_delta,7,382.63207571847096,389.9017639160156
excluding_policy_library_checkout_003,excluding policy_library_checkout_003,25,emotional_pressure_delta,7,325.61282784598217,337.4207458496094
excluding_policy_library_checkout_003,excluding policy_library_checkout_003,25,true_pressure_delta,7,410.3139386858259,409.7165222167969
excluding_policy_library_checkout_003,excluding policy_library_checkout_003,25,distractor_delta,7,303.19590759277344,307.2397155761719
excluding_policy_library_checkout_003,excluding policy_library_checkout_003,25,closed_context_delta,7,530.0598231724331,529.1066284179688
excluding_policy_library_checkout_003,excluding policy_library_checkout_003,26,false_pressure_delta,7,433.6314217703683,446.28790283203125
excluding_policy_library_checkout_003,excluding policy_library_checkout_003,26,emotional_pressure_delta,7,376.3422110421317,383.30926513671875
excluding_policy_library_checkout_003,excluding policy_library_checkout_003,26,true_pressure_delta,7,462.4889831542969,463.94573974609375
excluding_policy_library_checkout_003,excluding policy_library_checkout_003,26,distractor_delta,7,337.2653067452567,336.2563171386719
excluding_policy_library_checkout_003,excluding policy_library_checkout_003,26,closed_context_delta,7,600.9811575753348,589.8666381835938
excluding_policy_library_checkout_003,excluding policy_library_checkout_003,27,false_pressure_delta,7,30.325597763061523,30.25722312927246
excluding_policy_library_checkout_003,excluding policy_library_checkout_003,27,emotional_pressure_delta,7,26.292781012398855,26.685523986816406
excluding_policy_library_checkout_003,excluding policy_library_checkout_003,27,true_pressure_delta,7,32.32852908543178,32.56138610839844
excluding_policy_library_checkout_003,excluding policy_library_checkout_003,27,distractor_delta,7,22.522066388811385,22.8593692779541
excluding_policy_library_checkout_003,excluding policy_library_checkout_003,27,closed_context_delta,7,39.42617525373186,37.9397087097168
policy_library_checkout_003_alone,policy_library_checkout_003 alone,0,false_pressure_delta,1,0.1581130176782608,0.1581130176782608
policy_library_checkout_003_alone,policy_library_checkout_003 alone,0,emotional_pressure_delta,1,0.16913695633411407,0.16913695633411407
policy_library_checkout_003_alone,policy_library_checkout_003 alone,0,true_pressure_delta,1,0.12179690599441528,0.12179690599441528
policy_library_checkout_003_alone,policy_library_checkout_003 alone,0,distractor_delta,1,0.3010934591293335,0.3010934591293335
policy_library_checkout_003_alone,policy_library_checkout_003 alone,0,closed_context_delta,1,0.2786509096622467,0.2786509096622467
policy_library_checkout_003_alone,policy_library_checkout_003 alone,1,false_pressure_delta,1,0.5882043838500977,0.5882043838500977
policy_library_checkout_003_alone,policy_library_checkout_003 alone,1,emotional_pressure_delta,1,0.5772177577018738,0.5772177577018738
policy_library_checkout_003_alone,policy_library_checkout_003 alone,1,true_pressure_delta,1,0.5040168762207031,0.5040168762207031
policy_library_checkout_003_alone,policy_library_checkout_003 alone,1,distractor_delta,1,0.6281221508979797,0.6281221508979797
policy_library_checkout_003_alone,policy_library_checkout_003 alone,1,closed_context_delta,1,1.0030560493469238,1.0030560493469238
policy_library_checkout_003_alone,policy_library_checkout_003 alone,2,false_pressure_delta,1,1.1312602758407593,1.1312602758407593
policy_library_checkout_003_alone,policy_library_checkout_003 alone,2,emotional_pressure_delta,1,1.1237637996673584,1.1237637996673584
policy_library_checkout_003_alone,policy_library_checkout_003 alone,2,true_pressure_delta,1,1.0528090000152588,1.0528090000152588
policy_library_checkout_003_alone,policy_library_checkout_003 alone,2,distractor_delta,1,0.9659661054611206,0.9659661054611206
policy_library_checkout_003_alone,policy_library_checkout_003 alone,2,closed_context_delta,1,2.015594244003296,2.015594244003296
policy_library_checkout_003_alone,policy_library_checkout_003 alone,3,false_pressure_delta,1,1.6792796850204468,1.6792796850204468
policy_library_checkout_003_alone,policy_library_checkout_003 alone,3,emotional_pressure_delta,1,1.7526159286499023,1.7526159286499023
policy_library_checkout_003_alone,policy_library_checkout_003 alone,3,true_pressure_delta,1,1.6077592372894287,1.6077592372894287
policy_library_checkout_003_alone,policy_library_checkout_003 alone,3,distractor_delta,1,1.3804428577423096,1.3804428577423096
policy_library_checkout_003_alone,policy_library_checkout_003 alone,3,closed_context_delta,1,2.74554705619812,2.74554705619812
policy_library_checkout_003_alone,policy_library_checkout_003 alone,4,false_pressure_delta,1,1.7500358819961548,1.7500358819961548
policy_library_checkout_003_alone,policy_library_checkout_003 alone,4,emotional_pressure_delta,1,1.820656657218933,1.820656657218933
policy_library_checkout_003_alone,policy_library_checkout_003 alone,4,true_pressure_delta,1,1.6372265815734863,1.6372265815734863
policy_library_checkout_003_alone,policy_library_checkout_003 alone,4,distractor_delta,1,1.4488604068756104,1.4488604068756104
policy_library_checkout_003_alone,policy_library_checkout_003 alone,4,closed_context_delta,1,2.871737003326416,2.871737003326416
policy_library_checkout_003_alone,policy_library_checkout_003 alone,5,false_pressure_delta,1,2.534409761428833,2.534409761428833
policy_library_checkout_003_alone,policy_library_checkout_003 alone,5,emotional_pressure_delta,1,2.5036263465881348,2.5036263465881348
policy_library_checkout_003_alone,policy_library_checkout_003 alone,5,true_pressure_delta,1,2.373537540435791,2.373537540435791
policy_library_checkout_003_alone,policy_library_checkout_003 alone,5,distractor_delta,1,2.213886022567749,2.213886022567749
policy_library_checkout_003_alone,policy_library_checkout_003 alone,5,closed_context_delta,1,3.723276376724243,3.723276376724243
policy_library_checkout_003_alone,policy_library_checkout_003 alone,6,false_pressure_delta,1,3.37420654296875,3.37420654296875
policy_library_checkout_003_alone,policy_library_checkout_003 alone,6,emotional_pressure_delta,1,3.20028018951416,3.20028018951416
policy_library_checkout_003_alone,policy_library_checkout_003 alone,6,true_pressure_delta,1,3.22072172164917,3.22072172164917
policy_library_checkout_003_alone,policy_library_checkout_003 alone,6,distractor_delta,1,2.8682408332824707,2.8682408332824707
policy_library_checkout_003_alone,policy_library_checkout_003 alone,6,closed_context_delta,1,4.931298732757568,4.931298732757568
policy_library_checkout_003_alone,policy_library_checkout_003 alone,7,false_pressure_delta,1,4.418025016784668,4.418025016784668
policy_library_checkout_003_alone,policy_library_checkout_003 alone,7,emotional_pressure_delta,1,4.173533916473389,4.173533916473389
policy_library_checkout_003_alone,policy_library_checkout_003 alone,7,true_pressure_delta,1,4.227477073669434,4.227477073669434
policy_library_checkout_003_alone,policy_library_checkout_003 alone,7,distractor_delta,1,4.764823913574219,4.764823913574219
policy_library_checkout_003_alone,policy_library_checkout_003 alone,7,closed_context_delta,1,6.499773025512695,6.499773025512695
policy_library_checkout_003_alone,policy_library_checkout_003 alone,8,false_pressure_delta,1,6.638620376586914,6.638620376586914
policy_library_checkout_003_alone,policy_library_checkout_003 alone,8,emotional_pressure_delta,1,7.168801307678223,7.168801307678223
policy_library_checkout_003_alone,policy_library_checkout_003 alone,8,true_pressure_delta,1,6.203635215759277,6.203635215759277
policy_library_checkout_003_alone,policy_library_checkout_003 alone,8,distractor_delta,1,7.388591766357422,7.388591766357422
policy_library_checkout_003_alone,policy_library_checkout_003 alone,8,closed_context_delta,1,8.97634506225586,8.97634506225586
policy_library_checkout_003_alone,policy_library_checkout_003 alone,9,false_pressure_delta,1,10.031713485717773,10.031713485717773
policy_library_checkout_003_alone,policy_library_checkout_003 alone,9,emotional_pressure_delta,1,11.394621849060059,11.394621849060059
policy_library_checkout_003_alone,policy_library_checkout_003 alone,9,true_pressure_delta,1,9.521376609802246,9.521376609802246
policy_library_checkout_003_alone,policy_library_checkout_003 alone,9,distractor_delta,1,10.90030288696289,10.90030288696289
policy_library_checkout_003_alone,policy_library_checkout_003 alone,9,closed_context_delta,1,14.568572998046875,14.568572998046875
policy_library_checkout_003_alone,policy_library_checkout_003 alone,10,false_pressure_delta,1,12.642374992370605,12.642374992370605
policy_library_checkout_003_alone,policy_library_checkout_003 alone,10,emotional_pressure_delta,1,14.013036727905273,14.013036727905273
policy_library_checkout_003_alone,policy_library_checkout_003 alone,10,true_pressure_delta,1,12.039210319519043,12.039210319519043
policy_library_checkout_003_alone,policy_library_checkout_003 alone,10,distractor_delta,1,14.428475379943848,14.428475379943848
policy_library_checkout_003_alone,policy_library_checkout_003 alone,10,closed_context_delta,1,19.363645553588867,19.363645553588867
policy_library_checkout_003_alone,policy_library_checkout_003 alone,11,false_pressure_delta,1,16.04009246826172,16.04009246826172
policy_library_checkout_003_alone,policy_library_checkout_003 alone,11,emotional_pressure_delta,1,17.420812606811523,17.420812606811523
policy_library_checkout_003_alone,policy_library_checkout_003 alone,11,true_pressure_delta,1,15.485652923583984,15.485652923583984
policy_library_checkout_003_alone,policy_library_checkout_003 alone,11,distractor_delta,1,17.662681579589844,17.662681579589844
policy_library_checkout_003_alone,policy_library_checkout_003 alone,11,closed_context_delta,1,23.854167938232422,23.854167938232422
policy_library_checkout_003_alone,policy_library_checkout_003 alone,12,false_pressure_delta,1,20.788536071777344,20.788536071777344
policy_library_checkout_003_alone,policy_library_checkout_003 alone,12,emotional_pressure_delta,1,21.421621322631836,21.421621322631836
policy_library_checkout_003_alone,policy_library_checkout_003 alone,12,true_pressure_delta,1,20.297941207885742,20.297941207885742
policy_library_checkout_003_alone,policy_library_checkout_003 alone,12,distractor_delta,1,20.973772048950195,20.973772048950195
policy_library_checkout_003_alone,policy_library_checkout_003 alone,12,closed_context_delta,1,29.72515106201172,29.72515106201172
policy_library_checkout_003_alone,policy_library_checkout_003 alone,13,false_pressure_delta,1,26.376155853271484,26.376155853271484
policy_library_checkout_003_alone,policy_library_checkout_003 alone,13,emotional_pressure_delta,1,26.08268165588379,26.08268165588379
policy_library_checkout_003_alone,policy_library_checkout_003 alone,13,true_pressure_delta,1,25.944631576538086,25.944631576538086
policy_library_checkout_003_alone,policy_library_checkout_003 alone,13,distractor_delta,1,25.176759719848633,25.176759719848633
policy_library_checkout_003_alone,policy_library_checkout_003 alone,13,closed_context_delta,1,37.699302673339844,37.699302673339844
policy_library_checkout_003_alone,policy_library_checkout_003 alone,14,false_pressure_delta,1,30.37131690979004,30.37131690979004
policy_library_checkout_003_alone,policy_library_checkout_003 alone,14,emotional_pressure_delta,1,29.84711265563965,29.84711265563965
policy_library_checkout_003_alone,policy_library_checkout_003 alone,14,true_pressure_delta,1,30.06608009338379,30.06608009338379
policy_library_checkout_003_alone,policy_library_checkout_003 alone,14,distractor_delta,1,30.46242904663086,30.46242904663086
policy_library_checkout_003_alone,policy_library_checkout_003 alone,14,closed_context_delta,1,45.52547836303711,45.52547836303711
policy_library_checkout_003_alone,policy_library_checkout_003 alone,15,false_pressure_delta,1,38.10284423828125,38.10284423828125
policy_library_checkout_003_alone,policy_library_checkout_003 alone,15,emotional_pressure_delta,1,36.83433151245117,36.83433151245117
policy_library_checkout_003_alone,policy_library_checkout_003 alone,15,true_pressure_delta,1,37.292518615722656,37.292518615722656
policy_library_checkout_003_alone,policy_library_checkout_003 alone,15,distractor_delta,1,37.0482177734375,37.0482177734375
policy_library_checkout_003_alone,policy_library_checkout_003 alone,15,closed_context_delta,1,54.10311508178711,54.10311508178711
policy_library_checkout_003_alone,policy_library_checkout_003 alone,16,false_pressure_delta,1,51.65176773071289,51.65176773071289
policy_library_checkout_003_alone,policy_library_checkout_003 alone,16,emotional_pressure_delta,1,46.35988998413086,46.35988998413086
policy_library_checkout_003_alone,policy_library_checkout_003 alone,16,true_pressure_delta,1,48.980934143066406,48.980934143066406
policy_library_checkout_003_alone,policy_library_checkout_003 alone,16,distractor_delta,1,47.25869369506836,47.25869369506836
policy_library_checkout_003_alone,policy_library_checkout_003 alone,16,closed_context_delta,1,67.74504089355469,67.74504089355469
policy_library_checkout_003_alone,policy_library_checkout_003 alone,17,false_pressure_delta,1,72.16460418701172,72.16460418701172
policy_library_checkout_003_alone,policy_library_checkout_003 alone,17,emotional_pressure_delta,1,68.03214263916016,68.03214263916016
policy_library_checkout_003_alone,policy_library_checkout_003 alone,17,true_pressure_delta,1,77.17764282226562,77.17764282226562
policy_library_checkout_003_alone,policy_library_checkout_003 alone,17,distractor_delta,1,66.87146759033203,66.87146759033203
policy_library_checkout_003_alone,policy_library_checkout_003 alone,17,closed_context_delta,1,95.12288665771484,95.12288665771484
policy_library_checkout_003_alone,policy_library_checkout_003 alone,18,false_pressure_delta,1,96.9912338256836,96.9912338256836
policy_library_checkout_003_alone,policy_library_checkout_003 alone,18,emotional_pressure_delta,1,87.11693572998047,87.11693572998047
policy_library_checkout_003_alone,policy_library_checkout_003 alone,18,true_pressure_delta,1,102.71320343017578,102.71320343017578
policy_library_checkout_003_alone,policy_library_checkout_003 alone,18,distractor_delta,1,87.07377624511719,87.07377624511719
policy_library_checkout_003_alone,policy_library_checkout_003 alone,18,closed_context_delta,1,122.74964141845703,122.74964141845703
policy_library_checkout_003_alone,policy_library_checkout_003 alone,19,false_pressure_delta,1,128.5516357421875,128.5516357421875
policy_library_checkout_003_alone,policy_library_checkout_003 alone,19,emotional_pressure_delta,1,111.23544311523438,111.23544311523438
policy_library_checkout_003_alone,policy_library_checkout_003 alone,19,true_pressure_delta,1,143.2672882080078,143.2672882080078
policy_library_checkout_003_alone,policy_library_checkout_003 alone,19,distractor_delta,1,116.4214859008789,116.4214859008789
policy_library_checkout_003_alone,policy_library_checkout_003 alone,19,closed_context_delta,1,161.93402099609375,161.93402099609375
policy_library_checkout_003_alone,policy_library_checkout_003 alone,20,false_pressure_delta,1,163.93600463867188,163.93600463867188
policy_library_checkout_003_alone,policy_library_checkout_003 alone,20,emotional_pressure_delta,1,135.0120391845703,135.0120391845703
policy_library_checkout_003_alone,policy_library_checkout_003 alone,20,true_pressure_delta,1,181.1576385498047,181.1576385498047
policy_library_checkout_003_alone,policy_library_checkout_003 alone,20,distractor_delta,1,158.24099731445312,158.24099731445312
policy_library_checkout_003_alone,policy_library_checkout_003 alone,20,closed_context_delta,1,201.4604949951172,201.4604949951172
policy_library_checkout_003_alone,policy_library_checkout_003 alone,21,false_pressure_delta,1,204.46060180664062,204.46060180664062
policy_library_checkout_003_alone,policy_library_checkout_003 alone,21,emotional_pressure_delta,1,174.18701171875,174.18701171875
policy_library_checkout_003_alone,policy_library_checkout_003 alone,21,true_pressure_delta,1,304.1933898925781,304.1933898925781
policy_library_checkout_003_alone,policy_library_checkout_003 alone,21,distractor_delta,1,231.2364959716797,231.2364959716797
policy_library_checkout_003_alone,policy_library_checkout_003 alone,21,closed_context_delta,1,246.49049377441406,246.49049377441406
policy_library_checkout_003_alone,policy_library_checkout_003 alone,22,false_pressure_delta,1,247.14122009277344,247.14122009277344
policy_library_checkout_003_alone,policy_library_checkout_003 alone,22,emotional_pressure_delta,1,201.44961547851562,201.44961547851562
policy_library_checkout_003_alone,policy_library_checkout_003 alone,22,true_pressure_delta,1,351.1020202636719,351.1020202636719
policy_library_checkout_003_alone,policy_library_checkout_003 alone,22,distractor_delta,1,267.0986022949219,267.0986022949219
policy_library_checkout_003_alone,policy_library_checkout_003 alone,22,closed_context_delta,1,294.0085144042969,294.0085144042969
policy_library_checkout_003_alone,policy_library_checkout_003 alone,23,false_pressure_delta,1,296.0782775878906,296.0782775878906
policy_library_checkout_003_alone,policy_library_checkout_003 alone,23,emotional_pressure_delta,1,244.26382446289062,244.26382446289062
policy_library_checkout_003_alone,policy_library_checkout_003 alone,23,true_pressure_delta,1,426.4949645996094,426.4949645996094
policy_library_checkout_003_alone,policy_library_checkout_003 alone,23,distractor_delta,1,325.29522705078125,325.29522705078125
policy_library_checkout_003_alone,policy_library_checkout_003 alone,23,closed_context_delta,1,353.7474060058594,353.7474060058594
policy_library_checkout_003_alone,policy_library_checkout_003 alone,24,false_pressure_delta,1,339.20172119140625,339.20172119140625
policy_library_checkout_003_alone,policy_library_checkout_003 alone,24,emotional_pressure_delta,1,289.64324951171875,289.64324951171875
policy_library_checkout_003_alone,policy_library_checkout_003 alone,24,true_pressure_delta,1,497.7552795410156,497.7552795410156
policy_library_checkout_003_alone,policy_library_checkout_003 alone,24,distractor_delta,1,384.47723388671875,384.47723388671875
policy_library_checkout_003_alone,policy_library_checkout_003 alone,24,closed_context_delta,1,423.1903076171875,423.1903076171875
policy_library_checkout_003_alone,policy_library_checkout_003 alone,25,false_pressure_delta,1,392.2287292480469,392.2287292480469
policy_library_checkout_003_alone,policy_library_checkout_003 alone,25,emotional_pressure_delta,1,329.5999450683594,329.5999450683594
policy_library_checkout_003_alone,policy_library_checkout_003 alone,25,true_pressure_delta,1,548.6959228515625,548.6959228515625
policy_library_checkout_003_alone,policy_library_checkout_003 alone,25,distractor_delta,1,423.8775634765625,423.8775634765625
policy_library_checkout_003_alone,policy_library_checkout_003 alone,25,closed_context_delta,1,498.50689697265625,498.50689697265625
policy_library_checkout_003_alone,policy_library_checkout_003 alone,26,false_pressure_delta,1,437.2739562988281,437.2739562988281
policy_library_checkout_003_alone,policy_library_checkout_003 alone,26,emotional_pressure_delta,1,375.5135498046875,375.5135498046875
policy_library_checkout_003_alone,policy_library_checkout_003 alone,26,true_pressure_delta,1,581.2102661132812,581.2102661132812
policy_library_checkout_003_alone,policy_library_checkout_003 alone,26,distractor_delta,1,453.3260498046875,453.3260498046875
policy_library_checkout_003_alone,policy_library_checkout_003 alone,26,closed_context_delta,1,568.94775390625,568.94775390625
policy_library_checkout_003_alone,policy_library_checkout_003 alone,27,false_pressure_delta,1,30.63314437866211,30.63314437866211
policy_library_checkout_003_alone,policy_library_checkout_003 alone,27,emotional_pressure_delta,1,27.472919464111328,27.472919464111328
policy_library_checkout_003_alone,policy_library_checkout_003 alone,27,true_pressure_delta,1,38.46828842163086,38.46828842163086
policy_library_checkout_003_alone,policy_library_checkout_003 alone,27,distractor_delta,1,28.838544845581055,28.838544845581055
policy_library_checkout_003_alone,policy_library_checkout_003 alone,27,closed_context_delta,1,39.71561050415039,39.71561050415039
