layer_index,layer_bucket,delta_type,n_families,mean_cosine_to_leave_one_out_mean_direction,median_cosine_to_leave_one_out_mean_direction,std_cosine_to_leave_one_out_mean_direction,min_cosine_to_leave_one_out_mean_direction,max_cosine_to_leave_one_out_mean_direction
0,early,false_pressure_delta,36,0.8417148954338498,0.8470494747161865,0.0542918791780648,0.6454746723175049,0.9049063324928284
0,early,emotional_pressure_delta,36,0.8933154311445024,0.8929285407066345,0.02835724938188133,0.8298474550247192,0.9423854351043701
0,early,closed_context_delta,36,0.8450406988461813,0.8611800670623779,0.059894617709763454,0.663937509059906,0.92118239402771
1,early,false_pressure_delta,36,0.8949003799094094,0.9025042951107025,0.027810727510442092,0.7879443168640137,0.9364379644393921
1,early,emotional_pressure_delta,36,0.9122384968731139,0.9118472337722778,0.018413355628327743,0.8695769906044006,0.947802722454071
1,early,closed_context_delta,36,0.9251225491364797,0.9284316301345825,0.023645336213795963,0.834628164768219,0.9570773243904114
2,early,false_pressure_delta,36,0.856501978304651,0.8611937165260315,0.032327965852767704,0.7609137892723083,0.9104098081588745
2,early,emotional_pressure_delta,36,0.8982746269967821,0.9008453190326691,0.022492800422345947,0.8473562598228455,0.9431300163269043
2,early,closed_context_delta,36,0.9269962360461553,0.9313514828681946,0.02278355331060676,0.8293081521987915,0.9567452073097229
3,early,false_pressure_delta,36,0.8960947427484725,0.8928792774677277,0.023556483214103186,0.8461595177650452,0.9412047266960144
3,early,emotional_pressure_delta,36,0.9229835387733247,0.9230873584747314,0.021455652755325454,0.8802741765975952,0.9655194878578186
3,early,closed_context_delta,36,0.9393812070290247,0.9424917697906494,0.018500850804308504,0.884090006351471,0.9699224829673767
4,early,false_pressure_delta,36,0.9065964486863878,0.907329261302948,0.02088824671845277,0.8620929718017578,0.9487828016281128
4,early,emotional_pressure_delta,36,0.9380523032612271,0.9406377077102661,0.015612133245676865,0.8967257142066956,0.9665653109550476
4,early,closed_context_delta,36,0.939327104224099,0.9399904012680054,0.019111079716379025,0.8852061629295349,0.9707536697387695
5,early,false_pressure_delta,36,0.9038838363356061,0.909363329410553,0.025230061083086893,0.8350957632064819,0.9464862942695618
5,early,emotional_pressure_delta,36,0.9484542277124193,0.9504171311855316,0.014938542955648514,0.9017553925514221,0.9717497825622559
5,early,closed_context_delta,36,0.930199243956142,0.9374362826347351,0.02220434595671684,0.859238862991333,0.9597110748291016
6,early,false_pressure_delta,36,0.9125624696413676,0.9170858263969421,0.026612177075410654,0.8463412523269653,0.9564877152442932
6,early,emotional_pressure_delta,36,0.9579307983318964,0.9593549966812134,0.012590589672098109,0.912703812122345,0.9732418656349182
6,early,closed_context_delta,36,0.925578311085701,0.931502640247345,0.025844208619012685,0.8255344033241272,0.959906280040741
7,early,false_pressure_delta,36,0.928534080584844,0.9339453279972076,0.021793252133864013,0.8790637254714966,0.9611060619354248
7,early,emotional_pressure_delta,36,0.962023365828726,0.9643520414829254,0.01172425423282877,0.9191345572471619,0.9774456024169922
7,early,closed_context_delta,36,0.9325921303696103,0.9402247369289398,0.02424311934877711,0.8479812145233154,0.9649637937545776
8,early,false_pressure_delta,36,0.9275751809279124,0.932144045829773,0.02258462599505522,0.8537847399711609,0.9586224555969238
8,early,emotional_pressure_delta,36,0.957219218214353,0.960753470659256,0.012696572733550248,0.9178950190544128,0.9755523204803467
8,early,closed_context_delta,36,0.9418970793485641,0.9500274956226349,0.021274317038664683,0.8714191913604736,0.9662622809410095
9,early,false_pressure_delta,36,0.9451445986827215,0.945721447467804,0.014382225339731455,0.9152119159698486,0.9710375666618347
9,early,emotional_pressure_delta,36,0.9718288845486112,0.9731791317462921,0.008640691007313888,0.9500808715820312,0.986079752445221
9,early,closed_context_delta,36,0.9555744694338905,0.9589447975158691,0.01522285564910026,0.90131676197052,0.9767954349517822
10,early,false_pressure_delta,36,0.9514292842812009,0.9542229175567627,0.01385691885405763,0.9038048982620239,0.9729975461959839
10,early,emotional_pressure_delta,36,0.9731558147403929,0.973907470703125,0.007423009212159931,0.9523288011550903,0.9853419065475464
10,early,closed_context_delta,36,0.9653850115007825,0.9676697552204132,0.01145529115041837,0.9188910126686096,0.9805901646614075
11,early,false_pressure_delta,36,0.9488348762194315,0.9518986344337463,0.015401571034919324,0.9035302400588989,0.9704685211181641
11,early,emotional_pressure_delta,36,0.9701480584012138,0.9725714921951294,0.00907694375650499,0.9443575143814087,0.9835500717163086
11,early,closed_context_delta,36,0.9616977688339021,0.9642107486724854,0.014276264793760667,0.9158353805541992,0.9774872660636902
12,middle,false_pressure_delta,36,0.936795237991545,0.9417101442813873,0.01995967553180457,0.8737202286720276,0.9634666442871094
12,middle,emotional_pressure_delta,36,0.9653198818365732,0.9664612710475922,0.009624314471008045,0.9407007694244385,0.9791288375854492
12,middle,closed_context_delta,36,0.9633864528603024,0.9666071534156799,0.014929231619415404,0.9180837869644165,0.9804449081420898
13,middle,false_pressure_delta,36,0.9375017252233293,0.9411269128322601,0.017960906479445937,0.8891231417655945,0.9641605615615845
13,middle,emotional_pressure_delta,36,0.9685256332159042,0.9710954129695892,0.008592477089836192,0.9469884634017944,0.9807793498039246
13,middle,closed_context_delta,36,0.9622281309631135,0.9661716222763062,0.014041899860201322,0.9152722954750061,0.978633463382721
14,middle,false_pressure_delta,36,0.9341401159763336,0.938906341791153,0.02050640310688824,0.8689770698547363,0.9657319784164429
14,middle,emotional_pressure_delta,36,0.9723090247975456,0.9754517376422882,0.00976184045447843,0.9375709295272827,0.9839088320732117
14,middle,closed_context_delta,36,0.9590620514419343,0.9628486931324005,0.014011926645230198,0.9122874736785889,0.9745678901672363
15,middle,false_pressure_delta,36,0.9358018057213889,0.9412582814693451,0.021795034516544666,0.8639940023422241,0.969678521156311
15,middle,emotional_pressure_delta,36,0.9741444918844435,0.9768737852573395,0.009457016183728727,0.9382684826850891,0.9873267412185669
15,middle,closed_context_delta,36,0.9566939920186996,0.9564959704875946,0.013505259942837739,0.9157698750495911,0.9757485389709473
16,middle,false_pressure_delta,36,0.9258221586545309,0.9336711764335632,0.02663471786127235,0.8212754726409912,0.9661293029785156
16,middle,emotional_pressure_delta,36,0.9666416280799441,0.9709340631961823,0.012138367672242975,0.9155034422874451,0.9806560277938843
16,middle,closed_context_delta,36,0.9509643630848991,0.9523488283157349,0.014363308055475527,0.9076846837997437,0.9691559672355652
17,middle,false_pressure_delta,36,0.9299497885836495,0.9340407848358154,0.025542812401583695,0.8226523995399475,0.9651076197624207
17,middle,emotional_pressure_delta,36,0.9617848346630732,0.9645810723304749,0.012340513060357801,0.9157013297080994,0.976783275604248
17,middle,closed_context_delta,36,0.9470379932059182,0.9465871751308441,0.014709007531970535,0.9061021208763123,0.9680858254432678
18,middle,false_pressure_delta,36,0.9208058880435096,0.9261687099933624,0.029329307701367255,0.7972872853279114,0.9584150314331055
18,middle,emotional_pressure_delta,36,0.9622436198923323,0.9661270976066589,0.011716052208740411,0.9202014803886414,0.9764456152915955
18,middle,closed_context_delta,36,0.9418896403577592,0.9456509649753571,0.01634784677595511,0.8877597451210022,0.9652986526489258
19,middle,false_pressure_delta,36,0.8315859172079298,0.8292736113071442,0.04467036669417332,0.7072200179100037,0.9035868048667908
19,middle,emotional_pressure_delta,36,0.893245110909144,0.9069640636444092,0.04079394074732686,0.7689486145973206,0.9421089887619019
19,middle,closed_context_delta,36,0.8783454464541541,0.8795210719108582,0.03472392405863195,0.7766894102096558,0.9254361391067505
20,middle,false_pressure_delta,36,0.7969938003354602,0.8048049509525299,0.049066761083605796,0.6926870942115784,0.8788022398948669
20,middle,emotional_pressure_delta,36,0.8712709430191252,0.8925133943557739,0.05617008431230475,0.6787610650062561,0.9277466535568237
20,middle,closed_context_delta,36,0.8458865533272425,0.8604856133460999,0.04759413236551218,0.7271663546562195,0.9073264598846436
21,middle,false_pressure_delta,36,0.7720682786570655,0.7809913754463196,0.05797680818224731,0.5844396948814392,0.875781238079071
21,middle,emotional_pressure_delta,36,0.8511660777860217,0.8768334686756134,0.07494852994895022,0.6272989511489868,0.9179877638816833
21,middle,closed_context_delta,36,0.807433158159256,0.8308269083499908,0.06591228363487561,0.6301984786987305,0.8967121839523315
22,middle,false_pressure_delta,36,0.7632153497801887,0.7723582983016968,0.05691699837343694,0.5949652791023254,0.8768509030342102
22,middle,emotional_pressure_delta,36,0.8455616666211022,0.87147656083107,0.07125155738872176,0.628800094127655,0.9172806143760681
22,middle,closed_context_delta,36,0.7892816993925307,0.8070901930332184,0.06545664822823698,0.6142280697822571,0.8947640657424927
23,middle,false_pressure_delta,36,0.7629143248001734,0.7685438990592957,0.06715213570234539,0.5206661820411682,0.8760470151901245
23,middle,emotional_pressure_delta,36,0.8402174396647347,0.8541013896465302,0.07348861936383444,0.6200339198112488,0.9173006415367126
23,middle,closed_context_delta,36,0.7810918324523501,0.8006539344787598,0.07912044787720512,0.5527949333190918,0.8953402042388916
24,late,false_pressure_delta,36,0.7601685101787249,0.7862060070037842,0.09639980115943837,0.4001387059688568,0.874513566493988
24,late,emotional_pressure_delta,36,0.8306469668944677,0.8567020297050476,0.08465040112147168,0.5312723517417908,0.9158780574798584
24,late,closed_context_delta,36,0.7606549776262708,0.7997767329216003,0.11763558141985583,0.3065553307533264,0.8718000054359436
25,late,false_pressure_delta,36,0.757713665564855,0.776912659406662,0.08560191758231944,0.49112993478775024,0.8711323142051697
25,late,emotional_pressure_delta,36,0.8396418144305547,0.8682954609394073,0.08088714205766415,0.602326512336731,0.9218044877052307
25,late,closed_context_delta,36,0.7638435926702287,0.7991692125797272,0.1064159686434606,0.4149259328842163,0.8717740774154663
26,late,false_pressure_delta,36,0.758834071457386,0.7839047312736511,0.09031872379348867,0.4559778571128845,0.8699346780776978
26,late,emotional_pressure_delta,36,0.8440361536211438,0.8715132474899292,0.07810971287700079,0.6136147975921631,0.9272167086601257
26,late,closed_context_delta,36,0.7641513985064294,0.8037325143814087,0.10980211920273165,0.4107026159763336,0.872532069683075
27,late,false_pressure_delta,36,0.7600733927554555,0.7856966853141785,0.09092226144581587,0.44696685671806335,0.873443603515625
27,late,emotional_pressure_delta,36,0.8435757011175156,0.8704271912574768,0.07987900471779642,0.5918962359428406,0.9260652661323547
27,late,closed_context_delta,36,0.7633569050166342,0.8002618849277496,0.11166721290167643,0.3971005380153656,0.8794765472412109
28,late,false_pressure_delta,36,0.7706375461485651,0.7966721951961517,0.08929740352491634,0.48032113909721375,0.8815447688102722
28,late,emotional_pressure_delta,36,0.8535604940520393,0.876890242099762,0.07745887886918858,0.5836058855056763,0.9318893551826477
28,late,closed_context_delta,36,0.7678280199567477,0.806131899356842,0.11217033851667893,0.3656023442745209,0.8849197030067444
29,late,false_pressure_delta,36,0.7745954948994849,0.7950979769229889,0.08960597989657836,0.48103228211402893,0.8797026872634888
29,late,emotional_pressure_delta,36,0.8560652169916365,0.8784182071685791,0.08078927404791139,0.5418028235435486,0.9331474304199219
29,late,closed_context_delta,36,0.7678324687812064,0.8031338453292847,0.11265106714664734,0.3487829864025116,0.8805620074272156
30,late,false_pressure_delta,36,0.7787519900335206,0.8024471700191498,0.09014213096786859,0.47690263390541077,0.8840848207473755
30,late,emotional_pressure_delta,36,0.85912357767423,0.8801820874214172,0.08025158344428635,0.5291605591773987,0.9352380037307739
30,late,closed_context_delta,36,0.7683556369609303,0.8037838935852051,0.1150198391363393,0.32835653424263,0.8805209994316101
31,late,false_pressure_delta,36,0.7875673199693362,0.8074978888034821,0.08884798876114273,0.473768025636673,0.8901216387748718
31,late,emotional_pressure_delta,36,0.8694029268291261,0.8898381590843201,0.07881779234904808,0.5181441307067871,0.9393730163574219
31,late,closed_context_delta,36,0.7761547788977623,0.816273421049118,0.11500146459973332,0.3105611503124237,0.8870671391487122
32,late,false_pressure_delta,36,0.804604086611006,0.8174075186252594,0.08219386667270127,0.5183329582214355,0.8966941237449646
32,late,emotional_pressure_delta,36,0.877176562945048,0.8942497372627258,0.07564155698154813,0.5335721373558044,0.9420034289360046
32,late,closed_context_delta,36,0.798368728823132,0.8294460773468018,0.10629778873853081,0.36556196212768555,0.8966783285140991
33,late,false_pressure_delta,36,0.8124679492579566,0.8284464776515961,0.0813396048984138,0.5377387404441833,0.9033904671669006
33,late,emotional_pressure_delta,36,0.8778521286116706,0.8974342048168182,0.07559206546367431,0.5377911329269409,0.9426285028457642
33,late,closed_context_delta,36,0.8153257510728307,0.8456660807132721,0.0989131927006427,0.41751351952552795,0.9085090756416321
34,late,false_pressure_delta,36,0.8420923517809974,0.863102376461029,0.07066095520292051,0.6299662590026855,0.9185494780540466
34,late,emotional_pressure_delta,36,0.8928006241718928,0.9076051414012909,0.06699141694379585,0.6013578176498413,0.948919415473938
34,late,closed_context_delta,36,0.8397715853320228,0.864251047372818,0.08522989165050765,0.5054352283477783,0.9170956611633301
35,late,false_pressure_delta,36,0.8476621756951014,0.8672747015953064,0.07508820121085723,0.6422095894813538,0.9251290559768677
35,late,emotional_pressure_delta,36,0.8941211236847771,0.907748281955719,0.06348448951167854,0.6465245485305786,0.9515527486801147
35,late,closed_context_delta,36,0.8515830487012863,0.8727051019668579,0.07386811994523632,0.6162972450256348,0.9340935349464417
