delta_type,behavior_delta_name,sensitivity_threshold,layer_index,layer_bucket,high_sensitivity_n,low_sensitivity_n,high_sensitivity_mean_behavior_delta,low_sensitivity_mean_behavior_delta,high_sensitivity_mean_delta_norm,high_sensitivity_std_delta_norm,low_sensitivity_mean_delta_norm,low_sensitivity_std_delta_norm,mean_delta_norm_gap_high_minus_low,abs_mean_delta_norm_gap,separation_rank_by_abs_gap,is_top3_separation_layer,top3_separating_layers,high_sensitivity_has_any_flip,low_sensitivity_has_any_flip,high_sensitivity_flip_family_ids,low_sensitivity_flip_family_ids
false_pressure_delta,delta_false_pressure,-0.3828125,0,early,18,18,-1.1901041666666667,1.5642361111111112,0.09571408252749178,0.01949225863546811,0.08535368492205937,0.011395156165070424,0.010360397605432406,0.010360397605432406,34,False,"32,33,31",True,False,logic_tournament_036,
false_pressure_delta,delta_false_pressure,-0.3828125,1,early,18,18,-1.1901041666666667,1.5642361111111112,0.18875791629155478,0.017041898677134643,0.1813869128624598,0.013828895872131838,0.007371003429094969,0.007371003429094969,35,False,"32,33,31",True,False,logic_tournament_036,
false_pressure_delta,delta_false_pressure,-0.3828125,2,early,18,18,-1.1901041666666667,1.5642361111111112,0.3201172898213069,0.023071163836026323,0.3171085798078113,0.024153617354439785,0.0030087100134955636,0.0030087100134955636,36,False,"32,33,31",True,False,logic_tournament_036,
false_pressure_delta,delta_false_pressure,-0.3828125,3,early,18,18,-1.1901041666666667,1.5642361111111112,0.5640643785397211,0.05248199675184192,0.5848101344373491,0.04275919856550662,-0.02074575589762795,0.02074575589762795,32,False,"32,33,31",True,False,logic_tournament_036,
false_pressure_delta,delta_false_pressure,-0.3828125,4,early,18,18,-1.1901041666666667,1.5642361111111112,0.746039393875334,0.053256406904597695,0.7666584021515317,0.0487523712055058,-0.02061900827619767,0.02061900827619767,33,False,"32,33,31",True,False,logic_tournament_036,
false_pressure_delta,delta_false_pressure,-0.3828125,5,early,18,18,-1.1901041666666667,1.5642361111111112,0.957004749112659,0.0667254401874518,0.9843873878320059,0.051672779076913505,-0.027382638719346875,0.027382638719346875,31,False,"32,33,31",True,False,logic_tournament_036,
false_pressure_delta,delta_false_pressure,-0.3828125,6,early,18,18,-1.1901041666666667,1.5642361111111112,1.3051415748066373,0.09051744003621115,1.36094644996855,0.07452414139101086,-0.05580487516191268,0.05580487516191268,29,False,"32,33,31",True,False,logic_tournament_036,
false_pressure_delta,delta_false_pressure,-0.3828125,7,early,18,18,-1.1901041666666667,1.5642361111111112,1.7792223625712924,0.10653914945136266,1.8624859386020236,0.08808863750031128,-0.0832635760307312,0.0832635760307312,28,False,"32,33,31",True,False,logic_tournament_036,
false_pressure_delta,delta_false_pressure,-0.3828125,8,early,18,18,-1.1901041666666667,1.5642361111111112,2.4069064723120794,0.12715982554234173,2.436190379990472,0.09918508924731495,-0.029283907678392396,0.029283907678392396,30,False,"32,33,31",True,False,logic_tournament_036,
false_pressure_delta,delta_false_pressure,-0.3828125,9,early,18,18,-1.1901041666666667,1.5642361111111112,3.2674043575922647,0.20355074821515107,3.170099245177375,0.14649198049181678,0.09730511241488982,0.09730511241488982,27,False,"32,33,31",True,False,logic_tournament_036,
false_pressure_delta,delta_false_pressure,-0.3828125,10,early,18,18,-1.1901041666666667,1.5642361111111112,3.678825775782267,0.24061219724487623,3.558329555723402,0.1541875284389492,0.12049622005886507,0.12049622005886507,26,False,"32,33,31",True,False,logic_tournament_036,
false_pressure_delta,delta_false_pressure,-0.3828125,11,early,18,18,-1.1901041666666667,1.5642361111111112,3.69233775138855,0.2936295543002837,3.5301032861073813,0.16014749539542592,0.16223446528116847,0.16223446528116847,25,False,"32,33,31",True,False,logic_tournament_036,
false_pressure_delta,delta_false_pressure,-0.3828125,12,middle,18,18,-1.1901041666666667,1.5642361111111112,4.0274657011032104,0.2912547110007302,3.844283660252889,0.16550749697395817,0.1831820408503213,0.1831820408503213,24,False,"32,33,31",True,False,logic_tournament_036,
false_pressure_delta,delta_false_pressure,-0.3828125,13,middle,18,18,-1.1901041666666667,1.5642361111111112,4.578991956180996,0.3731014615939839,4.32144382264879,0.17186114740546934,0.2575481335322056,0.2575481335322056,22,False,"32,33,31",True,False,logic_tournament_036,
false_pressure_delta,delta_false_pressure,-0.3828125,14,middle,18,18,-1.1901041666666667,1.5642361111111112,4.784365177154541,0.40796889073421894,4.541419294145372,0.16842655038772064,0.24294588300916864,0.24294588300916864,23,False,"32,33,31",True,False,logic_tournament_036,
false_pressure_delta,delta_false_pressure,-0.3828125,15,middle,18,18,-1.1901041666666667,1.5642361111111112,5.69610333442688,0.5997133193470113,5.357093705071343,0.20009290844802516,0.33900962935553647,0.33900962935553647,19,False,"32,33,31",True,False,logic_tournament_036,
false_pressure_delta,delta_false_pressure,-0.3828125,16,middle,18,18,-1.1901041666666667,1.5642361111111112,5.968116044998169,0.6902498262078088,5.683162821663751,0.20675920742048812,0.2849532233344183,0.2849532233344183,20,False,"32,33,31",True,False,logic_tournament_036,
false_pressure_delta,delta_false_pressure,-0.3828125,17,middle,18,18,-1.1901041666666667,1.5642361111111112,7.757760551240709,0.7805918874194857,7.480573362774319,0.2828968573117813,0.27718718846639057,0.27718718846639057,21,False,"32,33,31",True,False,logic_tournament_036,
false_pressure_delta,delta_false_pressure,-0.3828125,18,middle,18,18,-1.1901041666666667,1.5642361111111112,9.604660669962565,1.0159481442338032,9.150778399573433,0.35460060835447627,0.45388227038913165,0.45388227038913165,18,False,"32,33,31",True,False,logic_tournament_036,
false_pressure_delta,delta_false_pressure,-0.3828125,19,middle,18,18,-1.1901041666666667,1.5642361111111112,12.250562085045708,1.413486884823898,11.645988835228813,0.8947825072188919,0.6045732498168945,0.6045732498168945,17,False,"32,33,31",True,False,logic_tournament_036,
false_pressure_delta,delta_false_pressure,-0.3828125,20,middle,18,18,-1.1901041666666667,1.5642361111111112,15.851584646436903,2.3206207381682464,14.44658417171902,0.9607284252666296,1.4050004747178821,1.4050004747178821,15,False,"32,33,31",True,False,logic_tournament_036,
false_pressure_delta,delta_false_pressure,-0.3828125,21,middle,18,18,-1.1901041666666667,1.5642361111111112,18.394137965308296,2.8568532934228617,16.376260810428196,1.4144888944521226,2.0178771548801,2.0178771548801,14,False,"32,33,31",True,False,logic_tournament_036,
false_pressure_delta,delta_false_pressure,-0.3828125,22,middle,18,18,-1.1901041666666667,1.5642361111111112,19.243482642703587,3.0535924402379515,16.6463270717197,1.5712027194531182,2.5971555709838867,2.5971555709838867,13,False,"32,33,31",True,False,logic_tournament_036,
false_pressure_delta,delta_false_pressure,-0.3828125,23,middle,18,18,-1.1901041666666667,1.5642361111111112,22.718367046780056,3.7327482367324643,19.49191623263889,1.8747281775676534,3.2264508141411667,3.2264508141411667,12,False,"32,33,31",True,False,logic_tournament_036,
false_pressure_delta,delta_false_pressure,-0.3828125,24,late,18,18,-1.1901041666666667,1.5642361111111112,26.871008555094402,4.3370887777713625,23.352726300557453,2.2910503685443313,3.518282254536949,3.518282254536949,11,False,"32,33,31",True,False,logic_tournament_036,
false_pressure_delta,delta_false_pressure,-0.3828125,25,late,18,18,-1.1901041666666667,1.5642361111111112,26.957949744330513,4.272952056852298,22.958808792961968,1.8575762810476986,3.9991409513685454,3.9991409513685454,9,False,"32,33,31",True,False,logic_tournament_036,
false_pressure_delta,delta_false_pressure,-0.3828125,26,late,18,18,-1.1901041666666667,1.5642361111111112,29.280627674526638,4.629168311016626,25.336189375983345,1.7880045585616862,3.944438298543293,3.944438298543293,10,False,"32,33,31",True,False,logic_tournament_036,
false_pressure_delta,delta_false_pressure,-0.3828125,27,late,18,18,-1.1901041666666667,1.5642361111111112,31.707290013631184,4.947705057056159,27.222898377312553,1.8658654241017254,4.48439163631863,4.48439163631863,8,False,"32,33,31",True,False,logic_tournament_036,
false_pressure_delta,delta_false_pressure,-0.3828125,28,late,18,18,-1.1901041666666667,1.5642361111111112,34.47651322682699,5.421358535337747,29.54795985751682,2.136059994499111,4.928553369310169,4.928553369310169,7,False,"32,33,31",True,False,logic_tournament_036,
false_pressure_delta,delta_false_pressure,-0.3828125,29,late,18,18,-1.1901041666666667,1.5642361111111112,36.76518980662028,5.613546704647,31.557340727912056,2.2088388986378105,5.207849078708222,5.207849078708222,6,False,"32,33,31",True,False,logic_tournament_036,
false_pressure_delta,delta_false_pressure,-0.3828125,30,late,18,18,-1.1901041666666667,1.5642361111111112,40.88825437757704,6.149191715271527,35.28776868184408,2.478526597067995,5.600485695732964,5.600485695732964,4,False,"32,33,31",True,False,logic_tournament_036,
false_pressure_delta,delta_false_pressure,-0.3828125,31,late,18,18,-1.1901041666666667,1.5642361111111112,45.80660311381022,6.2902288975861165,39.379137463039825,2.8319783227826814,6.427465650770394,6.427465650770394,3,True,"32,33,31",True,False,logic_tournament_036,
false_pressure_delta,delta_false_pressure,-0.3828125,32,late,18,18,-1.1901041666666667,1.5642361111111112,53.62770631578233,6.706128470021395,46.49493281046549,3.026030995108165,7.132773505316841,7.132773505316841,1,True,"32,33,31",True,False,logic_tournament_036,
false_pressure_delta,delta_false_pressure,-0.3828125,33,late,18,18,-1.1901041666666667,1.5642361111111112,60.76554743448893,6.809340837587527,54.26675287882487,3.458700975164412,6.4987945556640625,6.4987945556640625,2,True,"32,33,31",True,False,logic_tournament_036,
false_pressure_delta,delta_false_pressure,-0.3828125,34,late,18,18,-1.1901041666666667,1.5642361111111112,75.94458643595378,6.782294672779543,70.53055975172255,3.846545475644352,5.4140266842312315,5.4140266842312315,5,False,"32,33,31",True,False,logic_tournament_036,
false_pressure_delta,delta_false_pressure,-0.3828125,35,late,18,18,-1.1901041666666667,1.5642361111111112,32.959353340996635,2.8488711688460238,34.360585636562774,2.1001640112094577,-1.401232295566139,1.401232295566139,16,False,"32,33,31",True,False,logic_tournament_036,
emotional_pressure_delta,delta_emotional_pressure,0.90625,0,early,18,18,-2.115451388888889,0.16927083333333334,0.10829540424876744,0.018199049638899876,0.10220026307635838,0.017050750192532,0.006095141172409058,0.006095141172409058,34,False,"33,34,32",True,False,logic_tournament_036,
emotional_pressure_delta,delta_emotional_pressure,0.90625,1,early,18,18,-2.115451388888889,0.16927083333333334,0.18989718870984185,0.01750859176861295,0.18777298596170214,0.01978912051142205,0.0021242027481397086,0.0021242027481397086,36,False,"33,34,32",True,False,logic_tournament_036,
emotional_pressure_delta,delta_emotional_pressure,0.90625,2,early,18,18,-2.115451388888889,0.16927083333333334,0.3430514832337697,0.02801684505217142,0.3403054823478063,0.021009816872239677,0.00274600088596344,0.00274600088596344,35,False,"33,34,32",True,False,logic_tournament_036,
emotional_pressure_delta,delta_emotional_pressure,0.90625,3,early,18,18,-2.115451388888889,0.16927083333333334,0.5899257924821641,0.050013324990868295,0.6109771678845087,0.06561244169635617,-0.021051375402344585,0.021051375402344585,33,False,"33,34,32",True,False,logic_tournament_036,
emotional_pressure_delta,delta_emotional_pressure,0.90625,4,early,18,18,-2.115451388888889,0.16927083333333334,0.8002000649770101,0.053340677084725376,0.8239430089791616,0.05509300024766194,-0.02374294400215149,0.02374294400215149,32,False,"33,34,32",True,False,logic_tournament_036,
emotional_pressure_delta,delta_emotional_pressure,0.90625,5,early,18,18,-2.115451388888889,0.16927083333333334,1.1073435611195035,0.07388510901016591,1.1413146820333269,0.06987505696556173,-0.03397112091382337,0.03397112091382337,30,False,"33,34,32",True,False,logic_tournament_036,
emotional_pressure_delta,delta_emotional_pressure,0.90625,6,early,18,18,-2.115451388888889,0.16927083333333334,1.5932119223806593,0.10360724276070193,1.6267019245359633,0.10236433358583974,-0.033490002155303955,0.033490002155303955,31,False,"33,34,32",True,False,logic_tournament_036,
emotional_pressure_delta,delta_emotional_pressure,0.90625,7,early,18,18,-2.115451388888889,0.16927083333333334,2.0550061729219227,0.11569060240839214,2.1133425765567355,0.12399120447480634,-0.05833640363481285,0.05833640363481285,29,False,"33,34,32",True,False,logic_tournament_036,
emotional_pressure_delta,delta_emotional_pressure,0.90625,8,early,18,18,-2.115451388888889,0.16927083333333334,2.619122200542026,0.11697224678860213,2.6792838043636746,0.12819876354284093,-0.06016160382164859,0.06016160382164859,28,False,"33,34,32",True,False,logic_tournament_036,
emotional_pressure_delta,delta_emotional_pressure,0.90625,9,early,18,18,-2.115451388888889,0.16927083333333334,3.806152900060018,0.23771305810945306,3.735562218560113,0.18314258047793255,0.0705906814999051,0.0705906814999051,27,False,"33,34,32",True,False,logic_tournament_036,
emotional_pressure_delta,delta_emotional_pressure,0.90625,10,early,18,18,-2.115451388888889,0.16927083333333334,4.174158970514934,0.2671351941795778,4.060700350337559,0.16895625335051828,0.11345862017737485,0.11345862017737485,24,False,"33,34,32",True,False,logic_tournament_036,
emotional_pressure_delta,delta_emotional_pressure,0.90625,11,early,18,18,-2.115451388888889,0.16927083333333334,4.153695821762085,0.3029480701667153,3.99842541747623,0.16739409810348516,0.1552704042858548,0.1552704042858548,21,False,"33,34,32",True,False,logic_tournament_036,
emotional_pressure_delta,delta_emotional_pressure,0.90625,12,middle,18,18,-2.115451388888889,0.16927083333333334,4.546858840518528,0.30877755605566937,4.3881577253341675,0.16565947848898205,0.15870111518436048,0.15870111518436048,20,False,"33,34,32",True,False,logic_tournament_036,
emotional_pressure_delta,delta_emotional_pressure,0.90625,13,middle,18,18,-2.115451388888889,0.16927083333333334,5.340849585003323,0.30167697573704094,5.195551607343885,0.15206779497550518,0.1452979776594372,0.1452979776594372,22,False,"33,34,32",True,False,logic_tournament_036,
emotional_pressure_delta,delta_emotional_pressure,0.90625,14,middle,18,18,-2.115451388888889,0.16927083333333334,6.169361458884345,0.23401546991749037,6.047927406099108,0.20210323427446542,0.12143405278523733,0.12143405278523733,23,False,"33,34,32",True,False,logic_tournament_036,
emotional_pressure_delta,delta_emotional_pressure,0.90625,15,middle,18,18,-2.115451388888889,0.16927083333333334,7.325032869974772,0.2796710206989621,7.152733617358738,0.2903008487347479,0.17229925261603452,0.17229925261603452,18,False,"33,34,32",True,False,logic_tournament_036,
emotional_pressure_delta,delta_emotional_pressure,0.90625,16,middle,18,18,-2.115451388888889,0.16927083333333334,6.834997600979275,0.24642106944092276,6.752444903055827,0.21578608885326067,0.08255269792344766,0.08255269792344766,25,False,"33,34,32",True,False,logic_tournament_036,
emotional_pressure_delta,delta_emotional_pressure,0.90625,17,middle,18,18,-2.115451388888889,0.16927083333333334,8.295527272754246,0.23949674216930594,8.215135150485569,0.26504516573519227,0.08039212226867676,0.08039212226867676,26,False,"33,34,32",True,False,logic_tournament_036,
emotional_pressure_delta,delta_emotional_pressure,0.90625,18,middle,18,18,-2.115451388888889,0.16927083333333334,10.969245115915934,0.4595093142006659,10.799715677897135,0.4068144220652332,0.16952943801879883,0.16952943801879883,19,False,"33,34,32",True,False,logic_tournament_036,
emotional_pressure_delta,delta_emotional_pressure,0.90625,19,middle,18,18,-2.115451388888889,0.16927083333333334,13.999880419837105,0.9177588810220809,14.3667205174764,1.0797843110687866,-0.3668400976392956,0.3668400976392956,16,False,"33,34,32",True,False,logic_tournament_036,
emotional_pressure_delta,delta_emotional_pressure,0.90625,20,middle,18,18,-2.115451388888889,0.16927083333333334,19.096003903283012,2.0390022285020897,18.170472780863445,1.1836745579660832,0.9255311224195673,0.9255311224195673,15,False,"33,34,32",True,False,logic_tournament_036,
emotional_pressure_delta,delta_emotional_pressure,0.90625,21,middle,18,18,-2.115451388888889,0.16927083333333334,21.839761628044975,1.9822831723222742,20.75621509552002,1.4844113634059184,1.0835465325249558,1.0835465325249558,14,False,"33,34,32",True,False,logic_tournament_036,
emotional_pressure_delta,delta_emotional_pressure,0.90625,22,middle,18,18,-2.115451388888889,0.16927083333333334,22.72081682417128,2.047775231795772,21.12851577334934,1.471877094257993,1.5923010508219413,1.5923010508219413,13,False,"33,34,32",True,False,logic_tournament_036,
emotional_pressure_delta,delta_emotional_pressure,0.90625,23,middle,18,18,-2.115451388888889,0.16927083333333334,26.274831983778213,2.3181043798178504,24.384445084465874,1.300471980222176,1.8903868993123396,1.8903868993123396,12,False,"33,34,32",True,False,logic_tournament_036,
emotional_pressure_delta,delta_emotional_pressure,0.90625,24,late,18,18,-2.115451388888889,0.16927083333333334,30.28137281205919,2.5034717046956243,27.631629943847656,1.581169172715829,2.6497428682115327,2.6497428682115327,9,False,"33,34,32",True,False,logic_tournament_036,
emotional_pressure_delta,delta_emotional_pressure,0.90625,25,late,18,18,-2.115451388888889,0.16927083333333334,31.82237932417128,2.561269479891378,29.379086388481987,1.6524192922452596,2.4432929356892927,2.4432929356892927,10,False,"33,34,32",True,False,logic_tournament_036,
emotional_pressure_delta,delta_emotional_pressure,0.90625,26,late,18,18,-2.115451388888889,0.16927083333333334,35.25749344295926,2.655811475684812,32.918785942925346,1.7897279684787828,2.3387075000339124,2.3387075000339124,11,False,"33,34,32",True,False,logic_tournament_036,
emotional_pressure_delta,delta_emotional_pressure,0.90625,27,late,18,18,-2.115451388888889,0.16927083333333334,38.40774260626899,3.0293348908634625,35.67796368069119,2.090072292911414,2.729778925577797,2.729778925577797,8,False,"33,34,32",True,False,logic_tournament_036,
emotional_pressure_delta,delta_emotional_pressure,0.90625,28,late,18,18,-2.115451388888889,0.16927083333333334,42.930887858072914,3.332039048003682,39.54197523328993,2.419505140454439,3.388912624782982,3.388912624782982,7,False,"33,34,32",True,False,logic_tournament_036,
emotional_pressure_delta,delta_emotional_pressure,0.90625,29,late,18,18,-2.115451388888889,0.16927083333333334,46.359920501708984,3.6128651604521864,42.86530007256402,2.8608664036350615,3.494620429144966,3.494620429144966,6,False,"33,34,32",True,False,logic_tournament_036,
emotional_pressure_delta,delta_emotional_pressure,0.90625,30,late,18,18,-2.115451388888889,0.16927083333333334,52.409095976087784,4.216205721384968,48.08380317687988,3.198930157535298,4.325292799207901,4.325292799207901,5,False,"33,34,32",True,False,logic_tournament_036,
emotional_pressure_delta,delta_emotional_pressure,0.90625,31,late,18,18,-2.115451388888889,0.16927083333333334,59.94486533270942,4.871733048634847,55.042030546400284,3.8009355238007,4.9028347863091355,4.9028347863091355,4,False,"33,34,32",True,False,logic_tournament_036,
emotional_pressure_delta,delta_emotional_pressure,0.90625,32,late,18,18,-2.115451388888889,0.16927083333333334,69.54507700602214,5.135110965481344,64.02997652689616,4.36176773178998,5.515100479125977,5.515100479125977,3,True,"33,34,32",True,False,logic_tournament_036,
emotional_pressure_delta,delta_emotional_pressure,0.90625,33,late,18,18,-2.115451388888889,0.16927083333333334,78.00292502509222,5.5092542227372014,72.06392245822482,4.9941576608833955,5.939002566867401,5.939002566867401,1,True,"33,34,32",True,False,logic_tournament_036,
emotional_pressure_delta,delta_emotional_pressure,0.90625,34,late,18,18,-2.115451388888889,0.16927083333333334,95.76526811387804,6.272337546018957,90.05230543348524,5.641751176091299,5.712962680392792,5.712962680392792,2,True,"33,34,32",True,False,logic_tournament_036,
emotional_pressure_delta,delta_emotional_pressure,0.90625,35,late,18,18,-2.115451388888889,0.16927083333333334,43.27763260735406,3.5655434153077823,43.10407596164279,3.079425516764063,0.1735566457112654,0.1735566457112654,17,False,"33,34,32",True,False,logic_tournament_036,
closed_context_delta,delta_closed_context,1.3828125,0,early,18,18,-3.6753472222222223,-0.2222222222222222,0.11526076330078973,0.011772833522364799,0.11916395111216439,0.02200167705396539,-0.0039031878113746643,0.0039031878113746643,33,False,"32,31,33",True,False,logic_tournament_036,
closed_context_delta,delta_closed_context,1.3828125,1,early,18,18,-3.6753472222222223,-0.2222222222222222,0.31140727135870194,0.0227374483869482,0.30918723675939774,0.02827514361301941,0.0022200345993041992,0.0022200345993041992,35,False,"32,31,33",True,False,logic_tournament_036,
closed_context_delta,delta_closed_context,1.3828125,2,early,18,18,-3.6753472222222223,-0.2222222222222222,0.6131673885716332,0.04370021635700692,0.6157176262802548,0.043465626502066056,-0.0025502377086216166,0.0025502377086216166,34,False,"32,31,33",True,False,logic_tournament_036,
closed_context_delta,delta_closed_context,1.3828125,3,early,18,18,-3.6753472222222223,-0.2222222222222222,1.0480948951509264,0.09138562297732666,1.0969417426321242,0.08966000720850714,-0.04884684748119783,0.04884684748119783,27,False,"32,31,33",True,False,logic_tournament_036,
closed_context_delta,delta_closed_context,1.3828125,4,early,18,18,-3.6753472222222223,-0.2222222222222222,1.2989093859990437,0.1105960086347034,1.3448682758543227,0.10053128546299082,-0.04595888985527896,0.04595888985527896,28,False,"32,31,33",True,False,logic_tournament_036,
closed_context_delta,delta_closed_context,1.3828125,5,early,18,18,-3.6753472222222223,-0.2222222222222222,1.5200748311148748,0.12107693948056884,1.5730881757206387,0.12721742885294837,-0.0530133446057639,0.0530133446057639,26,False,"32,31,33",True,False,logic_tournament_036,
closed_context_delta,delta_closed_context,1.3828125,6,early,18,18,-3.6753472222222223,-0.2222222222222222,1.9522949854532878,0.14984843546094245,2.0117381082640753,0.1510844570522539,-0.05944312281078745,0.05944312281078745,25,False,"32,31,33",True,False,logic_tournament_036,
closed_context_delta,delta_closed_context,1.3828125,7,early,18,18,-3.6753472222222223,-0.2222222222222222,2.479821893903944,0.16737167327849356,2.543420592943827,0.16303084540054713,-0.06359869903988313,0.06359869903988313,24,False,"32,31,33",True,False,logic_tournament_036,
closed_context_delta,delta_closed_context,1.3828125,8,early,18,18,-3.6753472222222223,-0.2222222222222222,3.536238511403402,0.19040696710625143,3.5648978418774075,0.18453874549008886,-0.028659330474005706,0.028659330474005706,31,False,"32,31,33",True,False,logic_tournament_036,
closed_context_delta,delta_closed_context,1.3828125,9,early,18,18,-3.6753472222222223,-0.2222222222222222,4.659831417931451,0.228113020259455,4.630762338638306,0.2298452431841021,0.029069079293145172,0.029069079293145172,30,False,"32,31,33",True,False,logic_tournament_036,
closed_context_delta,delta_closed_context,1.3828125,10,early,18,18,-3.6753472222222223,-0.2222222222222222,5.359387742148505,0.2314925607379299,5.36010922325982,0.28910366405667887,-0.000721481111314759,0.000721481111314759,36,False,"32,31,33",True,False,logic_tournament_036,
closed_context_delta,delta_closed_context,1.3828125,11,early,18,18,-3.6753472222222223,-0.2222222222222222,5.299874173270331,0.2216337417145986,5.278074661890666,0.2539348258495637,0.021799511379665404,0.021799511379665404,32,False,"32,31,33",True,False,logic_tournament_036,
closed_context_delta,delta_closed_context,1.3828125,12,middle,18,18,-3.6753472222222223,-0.2222222222222222,6.7327878210279675,0.369015654172743,6.702013068728977,0.36400005497496557,0.030774752298990293,0.030774752298990293,29,False,"32,31,33",True,False,logic_tournament_036,
closed_context_delta,delta_closed_context,1.3828125,13,middle,18,18,-3.6753472222222223,-0.2222222222222222,7.662838909361097,0.4163926114615069,7.545146465301514,0.398984534155738,0.11769244405958368,0.11769244405958368,23,False,"32,31,33",True,False,logic_tournament_036,
closed_context_delta,delta_closed_context,1.3828125,14,middle,18,18,-3.6753472222222223,-0.2222222222222222,7.894140428966946,0.42855150076874055,7.761907339096069,0.3939963716007508,0.13223308987087634,0.13223308987087634,22,False,"32,31,33",True,False,logic_tournament_036,
closed_context_delta,delta_closed_context,1.3828125,15,middle,18,18,-3.6753472222222223,-0.2222222222222222,8.77134527100457,0.509661835654668,8.575230280558268,0.485516207185574,0.19611499044630243,0.19611499044630243,20,False,"32,31,33",True,False,logic_tournament_036,
closed_context_delta,delta_closed_context,1.3828125,16,middle,18,18,-3.6753472222222223,-0.2222222222222222,8.755092514885796,0.5433428535505835,8.582122219933403,0.4290856703741968,0.17297029495239258,0.17297029495239258,21,False,"32,31,33",True,False,logic_tournament_036,
closed_context_delta,delta_closed_context,1.3828125,17,middle,18,18,-3.6753472222222223,-0.2222222222222222,10.156213336520725,0.6063637519321443,9.858613597022163,0.5212635759734099,0.2975997394985619,0.2975997394985619,18,False,"32,31,33",True,False,logic_tournament_036,
closed_context_delta,delta_closed_context,1.3828125,18,middle,18,18,-3.6753472222222223,-0.2222222222222222,12.350422223409018,0.767702065017108,11.987110402848986,0.6100998666564091,0.36331182056003186,0.36331182056003186,17,False,"32,31,33",True,False,logic_tournament_036,
closed_context_delta,delta_closed_context,1.3828125,19,middle,18,18,-3.6753472222222223,-0.2222222222222222,15.312760723961723,1.0053426292993772,14.89398839738634,1.3274135367529725,0.4187723265753842,0.4187723265753842,16,False,"32,31,33",True,False,logic_tournament_036,
closed_context_delta,delta_closed_context,1.3828125,20,middle,18,18,-3.6753472222222223,-0.2222222222222222,19.628424962361652,1.8596849882885937,18.47138934665256,1.8091869737501778,1.1570356157090913,1.1570356157090913,15,False,"32,31,33",True,False,logic_tournament_036,
closed_context_delta,delta_closed_context,1.3828125,21,middle,18,18,-3.6753472222222223,-0.2222222222222222,22.58615016937256,2.699043993517562,20.70027796427409,2.1304778002212843,1.8858722050984689,1.8858722050984689,14,False,"32,31,33",True,False,logic_tournament_036,
closed_context_delta,delta_closed_context,1.3828125,22,middle,18,18,-3.6753472222222223,-0.2222222222222222,23.108265664842392,3.296404935467333,20.70484193166097,2.180228696323852,2.403423733181423,2.403423733181423,13,False,"32,31,33",True,False,logic_tournament_036,
closed_context_delta,delta_closed_context,1.3828125,23,middle,18,18,-3.6753472222222223,-0.2222222222222222,27.07664023505317,3.9049721364848744,23.78105968899197,2.065967221823646,3.295580546061199,3.295580546061199,12,False,"32,31,33",True,False,logic_tournament_036,
closed_context_delta,delta_closed_context,1.3828125,24,late,18,18,-3.6753472222222223,-0.2222222222222222,32.09218374888102,4.708588229486504,27.60827424791124,2.362958443217331,4.48390950096978,4.48390950096978,10,False,"32,31,33",True,False,logic_tournament_036,
closed_context_delta,delta_closed_context,1.3828125,25,late,18,18,-3.6753472222222223,-0.2222222222222222,32.343367364671494,4.577106275165284,27.826595942179363,2.1750838188690715,4.5167714224921305,4.5167714224921305,9,False,"32,31,33",True,False,logic_tournament_036,
closed_context_delta,delta_closed_context,1.3828125,26,late,18,18,-3.6753472222222223,-0.2222222222222222,34.99187130398221,4.606857117770537,30.720093727111816,2.3088583988134657,4.271777576870392,4.271777576870392,11,False,"32,31,33",True,False,logic_tournament_036,
closed_context_delta,delta_closed_context,1.3828125,27,late,18,18,-3.6753472222222223,-0.2222222222222222,37.91146490308974,4.954769175073311,33.066647953457306,2.3979746671087487,4.844816949632431,4.844816949632431,8,False,"32,31,33",True,False,logic_tournament_036,
closed_context_delta,delta_closed_context,1.3828125,28,late,18,18,-3.6753472222222223,-0.2222222222222222,41.10655530293783,5.512283040736419,35.525994300842285,2.6853174137300937,5.580561002095543,5.580561002095543,7,False,"32,31,33",True,False,logic_tournament_036,
closed_context_delta,delta_closed_context,1.3828125,29,late,18,18,-3.6753472222222223,-0.2222222222222222,43.79976336161295,6.361572320677354,37.39913813273112,2.7417392549842683,6.400625228881836,6.400625228881836,6,False,"32,31,33",True,False,logic_tournament_036,
closed_context_delta,delta_closed_context,1.3828125,30,late,18,18,-3.6753472222222223,-0.2222222222222222,48.58607546488444,8.118573596301903,41.31831190321181,3.031575110026874,7.267763561672631,7.267763561672631,5,False,"32,31,33",True,False,logic_tournament_036,
closed_context_delta,delta_closed_context,1.3828125,31,late,18,18,-3.6753472222222223,-0.2222222222222222,54.24139828152127,9.558019407016435,46.04042010837131,3.307509777125068,8.200978173149963,8.200978173149963,2,True,"32,31,33",True,False,logic_tournament_036,
closed_context_delta,delta_closed_context,1.3828125,32,late,18,18,-3.6753472222222223,-0.2222222222222222,63.19301795959473,10.009076283281955,54.634369956122505,3.306006271387599,8.558648003472221,8.558648003472221,1,True,"32,31,33",True,False,logic_tournament_036,
closed_context_delta,delta_closed_context,1.3828125,33,late,18,18,-3.6753472222222223,-0.2222222222222222,73.13614145914714,10.02375555110148,65.12082778082953,3.4709435582874852,8.01531367831761,8.01531367831761,3,True,"32,31,33",True,False,logic_tournament_036,
closed_context_delta,delta_closed_context,1.3828125,34,late,18,18,-3.6753472222222223,-0.2222222222222222,89.5755500793457,8.984123362823812,81.69490814208984,3.266750178044468,7.880641937255859,7.880641937255859,4,False,"32,31,33",True,False,logic_tournament_036,
closed_context_delta,delta_closed_context,1.3828125,35,late,18,18,-3.6753472222222223,-0.2222222222222222,38.384812884860565,5.005808121434183,38.61748123168945,2.8297042090629536,-0.2326683468288877,0.2326683468288877,19,False,"32,31,33",True,False,logic_tournament_036,
